Date,Open,High,Low,Close,Adj Close,Volume
10/01/13,85.989998,86.339996,85.779999,86,72.47818,11885100
10/02/13,85.75,86.110001,85.279999,86.080002,72.545616,11841400
10/03/13,86.040001,86.050003,85.339996,85.5,72.056793,13923400
10/04/13,86.309998,86.419998,85.68,86.32,72.747871,11325500
10/07/13,85.57,86.290001,85.269997,85.900002,72.393913,10985800
10/08/13,85.860001,85.949997,85.470001,85.510002,72.065216,15335700
10/09/13,85.349998,85.589996,84.830002,85.160004,71.770256,13575100
10/10/13,85.519997,86.040001,84.790001,86.040001,72.511879,17532400
10/11/13,85.900002,86.949997,85.5,86.949997,73.278801,12661800
10/14/13,86.510002,87.739998,86.510002,87.599998,73.826607,9742100
10/15/13,87.470001,87.580002,86.639999,86.790001,73.143982,12018000
10/16/13,87.480003,87.860001,86.720001,87.309998,73.582207,11668100
10/17/13,87.129997,87.5,87.010002,87.480003,73.725471,10438200
10/18/13,87.690002,87.739998,87.300003,87.550003,73.784454,12425100
10/21/13,87.5,87.650002,86.839996,87.230003,73.514793,10730900
10/22/13,87.290001,88.150002,87.129997,87.980003,74.146866,12710600
10/23/13,87.519997,87.650002,86.949997,87.610001,73.835037,11449100
10/24/13,87.980003,88.730003,87.970001,88.419998,74.517685,12288900
10/25/13,88.230003,88.650002,87.82,87.970001,74.138451,11382000
10/28/13,87.830002,88.459999,87.610001,88.230003,74.357567,9921900
10/29/13,88.449997,89.029999,88.440002,88.93,74.947495,10340000
10/30/13,88.970001,89.480003,88.690002,88.809998,74.846352,14305900
10/31/13,89.449997,90.959999,89.199997,89.620003,75.529007,19185200
11/01/13,89.739998,90.040001,88.269997,89.82,75.697571,19023500
11/04/13,90,92.269997,90,92.099998,77.619064,20591600
11/05/13,91.339996,93.25,91.239998,91.989998,77.526375,21122500
11/06/13,92.419998,93.279999,92.120003,93.220001,78.562965,13464600
11/07/13,92.639999,92.980003,91.760002,91.959999,78.028419,16572100
11/08/13,91.800003,92.82,91.480003,92.730003,78.681755,12330100
11/11/13,92.849998,93.230003,92.5,92.959999,78.876915,7924700
11/12/13,92.669998,93.32,92.5,92.669998,78.630882,10727300
11/13/13,92.220001,92.739998,92.07,92.589996,78.562973,9280000
11/14/13,92.68,93.419998,92.68,93.220001,79.097527,7909200
11/15/13,94.150002,95.290001,94.029999,95.269997,80.836967,18374500
11/18/13,95.980003,96,95.059998,95.449997,80.989677,14243700
11/19/13,95.400002,95.790001,95.160004,95.419998,80.964241,12697300
11/20/13,95.75,95.949997,94.370003,94.68,80.336357,10455400
11/21/13,94.849998,95.389999,94.629997,94.690002,80.344833,9128400
11/22/13,94.959999,95.07,94.290001,95.010002,80.616364,8534700
11/25/13,95.209999,95.75,94.830002,95.089996,80.684235,10515100
11/26/13,94.75,94.809998,94.150002,94.269997,79.988457,11857900
11/27/13,94.360001,94.419998,93.480003,93.800003,79.589676,8828100
11/29/13,93.650002,94.220001,93.300003,93.480003,79.318146,6770500
12/02/13,93.269997,94.040001,92.919998,93.519997,79.352074,9310500
12/03/13,93.599998,94.480003,93.230003,94.389999,80.090271,12599500
12/04/13,94.190002,94.900002,93.919998,94.669998,80.327858,13074000
12/05/13,94.07,94.650002,93.919998,94.129997,79.869652,10586000
12/06/13,94.970001,95.709999,94.589996,95.650002,81.159393,12063400
12/09/13,95.949997,96.25,95.599998,95.839996,81.320602,15516700
12/10/13,95.900002,95.980003,95.389999,95.709999,81.210312,9868100
12/11/13,95.379997,95.540001,94.160004,94.260002,79.979965,12811800
12/12/13,94.5,95.879997,94.279999,95.360001,80.913322,15562600
12/13/13,95.129997,95.919998,94.660004,95.309998,80.870911,10629500
12/16/13,96.279999,98.879997,96.129997,97.220001,82.491562,23226000
12/17/13,97.019997,97.129997,96.029999,96.75,82.092766,14920900
12/18/13,97.43,99.949997,97.010002,99.540001,84.460068,21331300
12/19/13,99.5,99.599998,99,99.43,84.366737,12905900
12/20/13,99.389999,99.599998,98.599998,98.68,83.730354,23331000
12/23/13,99,99.290001,98.389999,98.510002,83.586128,10127600
12/24/13,98.330002,99.440002,98.330002,99.220001,84.188568,4168300
12/26/13,99.419998,101.029999,99.379997,100.900002,85.614052,9531200
12/27/13,101.239998,101.739998,100.989998,101.510002,86.131638,10209000
12/30/13,101.529999,101.550003,100.309998,100.309998,85.113434,9007900
12/31/13,100.489998,101.389999,100.43,101.199997,85.868591,8509600
1/02/14,100.599998,100.760002,99.389999,99.75,84.63826,11028100
1/03/14,99.769997,100.169998,99.139999,99.510002,84.434647,9295600
1/06/14,99.940002,100.139999,98.889999,99.660004,84.561905,11848500
1/07/14,99.610001,101.220001,99.419998,101.07,85.758293,11187000
1/08/14,101.190002,101.190002,100.150002,100.739998,85.478271,11180400
1/09/14,100.199997,100.389999,99.029999,99.760002,84.646736,11674300
1/10/14,99.989998,100.629997,99.120003,100.519997,85.291618,10535400
1/13/14,99.910004,100.099998,98.269997,98.550003,83.620049,12110900
1/14/14,98.800003,99.269997,98.650002,99.120003,84.103714,9265000
1/15/14,99.160004,99.349998,98.629997,98.779999,83.815216,9425500
1/16/14,98.790001,99.040001,98.25,98.940002,83.950974,9421700
1/17/14,99.18,100.339996,98.669998,99.160004,84.13765,15998000
1/21/14,98.57,98.889999,98.040001,98.5,83.577644,13847300
1/22/14,98.879997,98.949997,97.839996,97.879997,83.051559,11642800
1/23/14,97.25,97.389999,96.010002,96.970001,82.279419,15393200
1/24/14,96.18,96.25,94.82,94.849998,80.480576,14584300
1/27/14,95.080002,95.580002,94.75,94.919998,80.539993,12474600
1/28/14,95.349998,95.919998,94.769997,95.650002,81.159393,10773600
1/29/14,94.93,96.199997,94.650002,95.110001,80.701195,13191500
1/30/14,94,94.949997,93.059998,93.989998,79.750885,14628400
1/31/14,92.849998,93.279999,91.699997,92.160004,78.19812,17361400
2/03/14,91.919998,92.309998,89.639999,90.050003,76.407768,20377900
2/04/14,90.370003,90.639999,89.389999,90.019997,76.382324,17414400
2/05/14,90.309998,90.610001,89.379997,89.580002,76.00898,16393600
2/06/14,89.510002,90.18,89.25,89.800003,76.735321,13646100
2/07/14,90.120003,90.629997,89.75,90.580002,77.401825,12573800
2/10/14,90.449997,90.529999,89.360001,89.519997,76.496033,12237700
2/11/14,89.559998,91,89.400002,90.839996,77.623993,13422800
2/12/14,91.010002,91.860001,90.639999,91.080002,77.829109,10752400
2/13/14,90.589996,91.650002,90.400002,91.43,78.128166,9775300
2/14/14,91.809998,94.43,91.599998,94.110001,80.418282,18260400
2/18/14,94.07,94.720001,93.360001,94.07,80.384087,12979300
2/19/14,93.800003,95.290001,93.800003,93.949997,80.28154,12227800
2/20/14,93.849998,95.769997,93.75,95.370003,81.494957,14424300
2/21/14,95.480003,95.580002,94.940002,95.029999,81.20443,11282200
2/24/14,95.610001,97.25,95.410004,96.440002,82.409286,16012500
2/25/14,96.540001,96.970001,95.959999,96.309998,82.29821,10663000
2/26/14,96.559998,96.860001,95.529999,95.790001,81.853836,9087600
2/27/14,95.580002,96.050003,95.160004,95.839996,81.896561,9101200
2/28/14,95.959999,96.830002,95.779999,96.269997,82.264015,12651400
3/03/14,95.760002,96.540001,94.830002,95.5,81.606041,11896700
3/04/14,96.589996,96.860001,95.870003,96.519997,82.477638,12566100
3/05/14,95.199997,95.290001,93.400002,93.800003,80.153389,19829600
3/06/14,93.669998,93.940002,93.269997,93.760002,80.119179,12610400
3/07/14,94.370003,95.059998,93.989998,94.989998,81.170242,12659100
3/10/14,95.150002,95.550003,94.660004,95.5,81.606041,9964500
3/11/14,95.360001,95.589996,93.519997,94.010002,80.332825,12143600
3/12/14,93.639999,94.470001,93.550003,94.209999,80.503708,9705400
3/13/14,94.440002,94.57,93.330002,93.639999,80.016655,9872500
3/14/14,93.580002,94.220001,93.290001,93.470001,79.871384,11723300
3/17/14,93.949997,94.529999,93.75,94.32,80.597717,8676100
3/18/14,94.410004,95.25,94.07,94.709999,80.930969,8757300
3/19/14,94.650002,95.300003,93.129997,93.730003,80.093552,9914700
3/20/14,93.440002,94.739998,93.010002,94.580002,80.819893,10405000
3/21/14,95.099998,95.989998,94.309998,94.309998,80.589165,24479800
3/24/14,94.760002,95.099998,94.480003,94.639999,80.87114,9539800
3/25/14,95.099998,95.82,94.800003,94.910004,81.101875,9796600
3/26/14,95.559998,95.580002,94.410004,94.699997,80.922432,11033300
3/27/14,94.610001,96.5,94.059998,96.239998,82.238365,15427500
3/28/14,96.470001,97.970001,96.470001,97.699997,83.48597,12321800
3/31/14,98.489998,98.849998,97.32,97.68,83.468872,12375200
4/01/14,97.650002,97.93,97.279999,97.730003,83.511597,9475300
4/02/14,97.529999,98.059998,97.18,97.949997,83.6996,9551000
4/03/14,97.830002,98.540001,97.559998,97.93,83.682518,10113000
4/04/14,98.300003,98.709999,97.279999,97.360001,83.19545,12496100
4/07/14,97.25,97.529999,96.75,96.779999,82.699814,10120700
4/08/14,97.010002,97.879997,96.75,97.449997,83.272339,10243000
4/09/14,97.75,97.790001,96.629997,97.330002,83.169792,10463900
4/10/14,96.980003,97.779999,96.239998,96.779999,82.699814,13443400
4/11/14,96.510002,97.440002,96.279999,96.720001,82.648544,13352500
4/14/14,97.489998,98.059998,96.739998,97.860001,83.622688,9610200
4/15/14,97.580002,98.699997,97.07,98.68,84.323387,12961600
4/16/14,99.050003,100.099998,98.970001,99.940002,85.400085,12508100
4/17/14,99.690002,100.970001,99.690002,100.419998,85.810249,15435700
4/21/14,100.029999,100.93,99.889999,100.93,86.246063,8002100
4/22/14,100.529999,100.860001,100.220001,100.370003,85.767509,8212100
4/23/14,100.589996,100.949997,100.330002,100.5,85.878601,8686000
4/24/14,100.480003,100.599998,99.860001,100.010002,85.459885,9057800
4/25/14,99.989998,100.57,99.93,100.410004,85.801697,10391500
4/28/14,100.720001,101.459999,100.309998,101.169998,86.451149,12710800
4/29/14,101.57,102.57,101.230003,101.449997,86.690407,10094600
4/30/14,101.129997,102.410004,100.709999,102.410004,87.510727,13966700
5/01/14,101.959999,102.389999,101.199997,101.410004,86.656204,11161700
5/02/14,101.279999,102.910004,100.980003,102.010002,87.168922,11168100
5/05/14,101.690002,103.129997,101.580002,102.910004,87.937996,7614200
5/06/14,102.599998,103.300003,102.410004,102.669998,87.732903,9669800
5/07/14,103.120003,103.449997,102.790001,103.110001,88.108894,11007400
5/08/14,103.089996,103.290001,102.169998,102.32,87.433815,8922500
5/09/14,101.709999,102.18,101.260002,101.949997,87.709122,8948800
5/12/14,102.330002,102.349998,101.529999,102.230003,87.950005,8830500
5/13/14,102.18,102.709999,101.940002,102.360001,88.061852,7528800
5/14/14,102.360001,102.68,102.110001,102.290001,88.001625,6999200
5/15/14,102,102.419998,100.330002,100.779999,86.702553,13658700
5/16/14,100.589996,101,100.32,100.739998,86.668129,10369200
5/19/14,100.419998,101.110001,100.419998,100.870003,86.779984,5851400
5/20/14,100.690002,101.080002,100.449997,100.669998,86.607918,6134100
5/21/14,100.849998,102.220001,100.720001,102.029999,87.777946,7747900
5/22/14,101.809998,101.970001,101.470001,101.5,87.321991,5304300
5/23/14,101.550003,101.93,101.269997,101.32,87.167122,5410900
5/27/14,101.610001,101.900002,100.93,101.360001,87.20153,8359700
5/28/14,101.230003,102.07,101.050003,101.059998,86.943443,7586700
5/29/14,101.540001,101.650002,101.019997,101.269997,87.124107,6113700
5/30/14,100.800003,101.150002,100.370003,100.529999,86.487473,11499000
6/02/14,100.529999,100.879997,99.669998,99.940002,85.979912,7761300
6/03/14,99.589996,100.690002,99.589996,100.389999,86.367043,9384200
6/04/14,100.209999,100.459999,99.959999,100.040001,86.065903,7148800
6/05/14,100.099998,100.830002,99.959999,100.550003,86.504692,12296100
6/06/14,100.610001,101.629997,100.599998,101.599998,87.408012,9340900
6/09/14,101.449997,101.959999,101.190002,101.519997,87.339188,6404800
6/10/14,101.480003,101.730003,101,101.459999,87.287567,7917500
6/11/14,101.190002,102.330002,101,101.949997,87.709122,10270300
6/12/14,102.459999,102.949997,101.57,101.660004,87.459625,11421000
6/13/14,101.93,102.660004,101.629997,102.650002,88.311356,8240300
6/16/14,102.57,103.25,102.169998,102.919998,88.543625,8977600
6/17/14,102.580002,102.589996,101.449997,102.419998,88.11348,9355400
6/18/14,102.57,102.949997,102.059998,102.730003,88.380173,9575100
6/19/14,102.610001,102.839996,101.68,102.629997,88.294136,11105600
6/20/14,103.279999,104.059998,102.940002,103.830002,89.326523,17674400
6/23/14,104.110001,104.610001,103.879997,104.379997,89.79969,8553700
6/24/14,104.18,104.470001,102.470001,102.730003,88.380173,9708400
6/25/14,102.339996,102.620003,101.529999,102.139999,87.872597,10714800
6/26/14,101.940002,102.379997,100.849998,102.029999,87.777946,8424200
6/27/14,101.669998,101.790001,100.660004,101.209999,87.072495,15147400
6/30/14,101.209999,101.269997,100.519997,100.68,86.616524,9454800
7/01/14,101.150002,101.589996,100.790001,101.360001,87.20153,8399600
7/02/14,101.150002,101.639999,101.040001,101.57,87.38221,6954400
7/03/14,101.949997,103.269997,101.68,102.589996,88.25972,6922600
7/07/14,102.330002,102.650002,102.019997,102.650002,88.311356,7979600
7/08/14,102.330002,103.230003,102.169998,102.830002,88.466187,9613600
7/09/14,102.959999,103.690002,102.809998,103.550003,89.085648,7655300
7/10/14,102.879997,103.07,102.040001,102.57,88.242523,8533700
7/11/14,102.400002,102.5,101.32,101.739998,87.52845,7680800
7/14/14,102.169998,103.080002,102.160004,102.68,88.337151,8253100
7/15/14,102.529999,102.599998,101.739998,102.389999,88.087669,8755800
7/16/14,102.559998,103.790001,102.540001,103.769997,89.274895,8870200
7/17/14,103.379997,103.889999,102.290001,102.309998,88.018829,8145700
7/18/14,102.690002,102.959999,101.860001,102.730003,88.380173,8208300
7/21/14,102.360001,103.190002,102.059998,103.080002,88.681274,6632400
7/22/14,103.639999,104.190002,103.5,103.540001,89.077026,7426300
7/23/14,103.639999,104.449997,103.529999,104.25,89.687859,7007200
7/24/14,104.419998,104.720001,103.949997,104.279999,89.713661,7943000
7/25/14,103.93,103.989998,102.959999,103.18,88.767319,7775500
7/28/14,103.290001,104.519997,102.830002,104.370003,89.7911,9197800
7/29/14,104.209999,104.760002,103.519997,103.550003,89.085648,8055400
7/30/14,103.730003,104.150002,102.57,103.25,88.827522,11072100
7/31/14,101.980003,101.980003,98.93,98.940002,85.119576,18291800
8/01/14,98.620003,99.550003,98.18,98.800003,84.999146,14915000
8/04/14,98.739998,100.43,98.309998,100.129997,86.143341,12148200
8/05/14,99.480003,99.540001,97.779999,98.199997,84.482941,13069400
8/06/14,98.199997,99.650002,98.199997,98.980003,85.153992,9911300
8/07/14,99.769997,99.839996,97.629997,98.269997,84.543159,10017100
8/08/14,98.809998,99.790001,98.32,99.739998,85.807838,11199300
8/11/14,99.279999,99.419998,98.540001,98.730003,85.530624,8589600
8/12/14,98.209999,98.690002,97.82,98.489998,85.322701,9583700
8/13/14,98.82,99.309998,98.480003,99.089996,85.842484,7645800
8/14/14,99.099998,99.279999,98.599998,99.089996,85.842484,6547300
8/15/14,99.239998,99.43,98.139999,99.029999,85.790504,9226900
8/18/14,99.279999,99.529999,99.099998,99.519997,86.215004,7135400
8/19/14,99.5,99.949997,99.43,99.489998,86.189011,8888100
8/20/14,99.550003,99.900002,99.040001,99.699997,86.370934,6751800
8/21/14,99.800003,100.07,99.260002,99.279999,86.007088,6826200
8/22/14,98.889999,98.980003,98.080002,98.5,85.33136,8095000
8/25/14,98.809998,98.900002,98.5,98.75,85.547943,7569800
8/26/14,99.120003,100.309998,99.019997,99.639999,86.318954,8536500
8/27/14,99.779999,99.959999,99.089996,99.529999,86.223656,5848700
8/28/14,99.040001,99.739998,99.010002,99.57,86.258316,6072700
8/29/14,99.379997,99.669998,98.720001,99.459999,86.16301,8873700
9/02/14,99.43,99.589996,97.809998,98.489998,85.322701,8957100
9/03/14,98.860001,99.589996,98.860001,99.110001,85.859802,8475100
9/04/14,99,99.449997,97.970001,98.360001,85.210075,9662900
9/05/14,98.739998,99.300003,98.110001,99.260002,85.989761,9476900
9/08/14,98.919998,98.919998,97.449997,97.769997,84.698952,10080100
9/09/14,97.690002,98.029999,96.959999,97.389999,84.369759,9756400
9/10/14,97.360001,97.529999,95.830002,96.809998,83.867302,12113700
9/11/14,96.32,97.120003,95.82,97.029999,84.057884,10181100
9/12/14,96.529999,96.589996,95.629997,95.779999,82.975006,10257500
9/15/14,95.730003,96.400002,95.400002,96.290001,83.416809,10689400
9/16/14,96.230003,98.050003,96.019997,97.43,84.404419,11574100
9/17/14,97.910004,97.93,96.800003,97.080002,84.101204,8774200
9/18/14,97.150002,97.32,96.480003,96.610001,83.694054,8636600
9/19/14,97.080002,97.559998,96.870003,97.120003,84.135872,18178100
9/22/14,96.900002,97,96.269997,96.540001,83.633408,8816900
9/23/14,96.279999,97.160004,96.029999,96.029999,83.191582,10300700
9/24/14,95.870003,96.25,94.839996,95.82,83.009644,12200000
9/25/14,95.660004,95.889999,94.199997,94.25,81.649544,12854200
9/26/14,94.330002,95.760002,93.800003,95.43,82.671791,11256800
9/29/14,94.709999,94.779999,93.800003,94.43,81.805489,14015000
9/30/14,94.110001,94.809998,93.620003,94.050003,81.47628,15576500
10/01/14,94.110001,94.540001,92.720001,92.860001,80.445389,14028600
10/02/14,92.389999,93.900002,92.059998,93.300003,80.826561,13756500
10/03/14,93.599998,94.110001,92.580002,93.919998,81.363663,11563000
10/06/14,94.010002,95.330002,93.910004,94.519997,81.883453,10595400
10/07/14,94.269997,95.190002,93.330002,93.370003,80.887199,10787900
10/08/14,93.419998,94.830002,92.419998,94.610001,81.961433,15583700
10/09/14,94.050003,94.489998,91.629997,91.82,79.544411,17915600
10/10/14,92.440002,93.269997,90.900002,91.599998,79.353828,18173100
10/13/14,91.32,92.529999,90.760002,90.839996,78.695457,14451100
10/14/14,91.489998,92.230003,90.059998,90.550003,78.444206,23120500
10/15/14,89,90.610001,86.910004,90.220001,78.158333,24703500
10/16/14,88.580002,91.269997,88.18,90.599998,78.487534,25212600
10/17/14,91.129997,92.25,90.5,91.209999,79.015968,18189200
10/20/14,90.629997,91.889999,90.629997,91.769997,79.501099,10821700
10/21/14,92.860001,94.029999,92.360001,93.650002,81.129761,15757000
10/22/14,93.959999,94.589996,92.980003,93.129997,80.679283,12733600
10/23/14,94.309998,94.980003,93.870003,94.110001,81.528282,11345100
10/24/14,94.190002,94.529999,93.220001,94.489998,81.857475,9734100
10/27/14,93.849998,93.849998,92.769997,93.709999,81.181755,11387700
10/28/14,94.440002,95.199997,93.93,95.099998,82.385925,12564100
10/29/14,95.419998,95.980003,93.620003,94.589996,81.944099,12409100
10/30/14,93.870003,94.669998,93.220001,94.449997,81.822823,9767900
10/31/14,94.989998,96.889999,94.309998,96.709999,83.780685,17493700
11/03/14,96.559998,97.099998,94.800003,95.260002,82.524529,13410000
11/04/14,94.5,94.889999,93.889999,94.519997,81.883453,13498500
11/05/14,95.360001,95.769997,94.650002,95.07,82.359932,12480000
11/06/14,95.18,96.419998,94.279999,96.260002,83.390823,14731400
11/07/14,95.800003,97.160004,95.720001,96.589996,84.280838,13233500
11/10/14,96.870003,97.099998,96.07,96.279999,84.010353,9087600
11/11/14,95.779999,96.510002,95.610001,96.410004,84.12381,7990000
11/12/14,95.900002,96.400002,95.110001,95.379997,83.22506,11592800
11/13/14,94.959999,95.209999,93.830002,94.660004,82.596794,12355400
11/14/14,94.870003,95.110001,94.650002,95.089996,82.971992,9352500
11/17/14,94.849998,95.139999,94.190002,95.110001,82.989441,8704400
11/18/14,95.080002,95.75,94.529999,94.870003,82.780037,9263200
11/19/14,95.080002,95.739998,94.129997,95.610001,83.425743,8333200
11/20/14,95.370003,95.900002,95.260002,95.82,83.608978,8422400
11/21/14,97.199997,97.199997,96.099998,96.809998,84.472809,12374900
11/24/14,96.339996,96.800003,95.25,95.720001,83.521706,10172400
11/25/14,96.010002,96.029999,94.370003,94.779999,82.701508,13747400
11/26/14,94.639999,95.129997,94.360001,94.480003,82.439743,9822100
11/28/14,91.5,91.849998,90.110001,90.540001,79.001846,19556700
12/01/14,90.360001,92.870003,90.279999,92.349998,80.581184,27584200
12/02/14,92.32,94.669998,92.010002,94.190002,82.186691,20885300
12/03/14,94.669998,95.330002,94,94.949997,82.849846,16220400
12/04/14,94.129997,94.610001,93.07,94.370003,82.34375,12868600
12/05/14,93.949997,94.589996,93.349998,93.82,81.863846,11831900
12/08/14,92.900002,93.129997,91.370003,91.699997,80.013992,15735900
12/09/14,91.230003,92.059998,90.760002,91.379997,79.734795,15883800
12/10/14,90.720001,90.730003,88.199997,88.669998,77.37014,22279400
12/11/14,88.860001,91.540001,88.849998,89.199997,77.832596,21522200
12/12/14,88.709999,89,86.599998,86.599998,75.563942,24568300
12/15/14,87.529999,88.599998,86.5,86.900002,75.825722,21373600
12/16/14,86.379997,89.199997,86.190002,86.410004,75.398155,26372400
12/17/14,87.239998,89.900002,87.150002,89.019997,77.675545,23323000
12/18/14,90.370003,91.160004,88.400002,91.160004,79.542816,22882700
12/19/14,90.209999,93.639999,89.610001,93.639999,81.706795,38469000
12/22/14,92.959999,93.669998,92.449997,93.330002,81.436279,17871800
12/23/14,93.519997,95.18,93.050003,94.589996,82.535706,13706500
12/24/14,94.220001,94.25,92.980003,93.779999,81.828957,6875700
12/26/14,93.989998,94.43,92.620003,93.209999,81.331589,10585000
12/29/14,93.330002,93.860001,92.889999,93.07,81.209427,9892100
12/30/14,92.769997,93.389999,92.510002,93.019997,81.165787,8743400
12/31/14,92.419998,93.129997,92.059998,92.449997,80.668442,11337200
1/02/15,92.25,93.050003,91.809998,92.830002,81.000008,10220400
1/05/15,92.099998,92.400002,89.5,90.290001,78.783714,18502400
1/06/15,90.239998,91.410004,89.019997,89.809998,78.364861,16670700
1/07/15,90.650002,91.480003,90,90.720001,79.158897,13590700
1/08/15,91.25,92.269997,91,92.230003,80.476479,15487500
1/09/15,92.300003,92.779999,91.370003,92.099998,80.363029,14488400
1/12/15,91.239998,91.339996,89.82,90.330002,78.818611,15176300
1/13/15,90.879997,91.43,89.110001,90,78.530655,17469000
1/14/15,88.949997,89.889999,87.260002,89.739998,78.303795,23176600
1/15/15,90.43,90.660004,88.510002,88.959999,77.623184,18759600
1/16/15,88.980003,91.190002,88.980003,91.120003,79.507927,17713100
1/20/15,91.139999,91.779999,90.379997,91.089996,79.48175,16761000
1/21/15,91.739998,91.989998,91.010002,91.870003,80.162354,14276400
1/22/15,92.309998,92.970001,91.32,92.870003,81.034904,13559000
1/23/15,92.279999,92.480003,90.790001,90.889999,79.30722,14706300
1/26/15,90.610001,91.940002,90.470001,91.760002,80.066368,10672500
1/27/15,91.239998,91.599998,90.599998,90.949997,79.359596,12301500
1/28/15,90.879997,90.93,87.82,87.949997,76.741898,17829700
1/29/15,88.220001,88.260002,86.029999,87.580002,76.419044,22683000
1/30/15,87.160004,88.419998,86.25,87.419998,76.279442,22679900
2/02/15,87.849998,89.589996,87.5,89.580002,78.164185,20306300
2/03/15,90.900002,92.330002,90.809998,92.25,80.493935,21900900
2/04/15,91.639999,92.269997,90.510002,91.459999,79.804596,19632200
2/05/15,92.389999,92.540001,91.699997,92.360001,80.589897,12809000
2/06/15,92.099998,92.279999,90.959999,91.5,80.440453,12331200
2/09/15,91.400002,92.290001,91.239998,91.559998,80.493195,11360700
2/10/15,91.739998,91.739998,90.300003,91.010002,80.009674,12952900
2/11/15,90.019997,90.830002,89.790001,90.599998,79.649246,12240600
2/12/15,91.459999,92.660004,91.019997,92.370003,81.205315,14843000
2/13/15,92.699997,93.449997,92.279999,93.370003,82.084435,12061000
2/17/15,92.75,93.07,92.290001,93.050003,81.803108,11758700
2/18/15,91.989998,91.989998,90.389999,91.010002,80.009674,19177900
2/19/15,89.639999,90.419998,88.580002,89.440002,78.629448,19350600
2/20/15,89.400002,89.940002,88.849998,89.919998,79.051422,15959900
2/23/15,89.260002,89.550003,88.739998,89.010002,78.251419,12771800
2/24/15,89.330002,89.779999,89.129997,89.419998,78.61187,9990700
2/25/15,89.57,89.699997,89.080002,89.599998,78.770103,9925700
2/26/15,89.129997,89.18,88.080002,88.650002,77.934952,13984000
2/27/15,88.889999,89.279999,88.339996,88.540001,77.838226,13090600
3/02/15,88.339996,88.519997,87.349998,88.040001,77.398674,13793700
3/03/15,87.93,88.019997,87.129997,87.620003,77.029427,13493800
3/04/15,87.959999,87.959999,86.93,87.18,76.642624,13467600
3/05/15,87.07,87.190002,86.519997,86.739998,76.255791,12527600
3/06/15,86.410004,86.599998,85.32,85.629997,75.279945,16070500
3/09/15,86.120003,86.379997,85.120003,85.160004,74.86676,14503800
3/10/15,84.82,85.529999,84.239998,84.260002,74.075539,17195500
3/11/15,84.93,84.93,84,84.019997,73.864555,13004700
3/12/15,84.43,84.720001,84.059998,84.220001,74.040382,10792900
3/13/15,83.900002,84.18,82.68,83.870003,73.732674,16799900
3/16/15,83.709999,84.860001,83.269997,84.760002,74.515121,13516200
3/17/15,84.540001,84.849998,84.019997,84.080002,73.91732,12979700
3/18/15,83.540001,86.370003,83.43,86.07,75.666786,18745700
3/19/15,85.190002,85.5,84.330002,84.410004,74.20742,12738500
3/20/15,84.669998,85.400002,84.389999,84.540001,74.321693,36083500
3/23/15,85.019997,85.779999,85.010002,85.43,75.104134,17450700
3/24/15,85.300003,85.779999,84.5,84.519997,74.304123,10174300
3/25/15,85.050003,85.57,84.769997,84.860001,74.60302,11934700
3/26/15,85.300003,85.57,84.089996,84.32,74.128304,14400700
3/27/15,84.040001,84.050003,83.330002,83.580002,73.47776,11579300
3/30/15,84.269997,85.82,84.25,85.629997,75.279945,15653200
3/31/15,84.849998,85.339996,84.459999,85,74.726105,13354000
4/01/15,85.699997,86,84.260002,84.459999,74.251358,14522300
4/02/15,84.089996,84.940002,83.849998,84.300003,74.110703,11297400
4/06/15,85.150002,85.639999,84.199997,85.129997,74.840393,10916400
4/07/15,85.010002,86.169998,84.760002,85.75,75.385468,11836100
4/08/15,85.800003,85.900002,84.019997,84.059998,73.899719,16257100
4/09/15,84,84.730003,83.809998,84.650002,74.418404,13281800
4/10/15,85.370003,86.040001,84.769997,85.559998,75.21843,13372400
4/13/15,85.919998,86.25,85.239998,85.339996,75.025009,9880500
4/14/15,85.599998,87.480003,85.529999,86.629997,76.159088,15693800
4/15/15,87.139999,88.529999,87.139999,88.080002,77.43383,15332800
4/16/15,87.879997,88.160004,87.110001,87.730003,77.126129,9570800
4/17/15,87.139999,87.360001,86.160004,86.93,76.422829,14430100
4/20/15,87.129997,88.099998,87.080002,87.239998,76.695351,11593600
4/21/15,87.379997,87.620003,86.690002,86.879997,76.37886,10100500
4/22/15,87.040001,87.800003,86.339996,87.459999,76.888763,8663600
4/23/15,87.360001,88.379997,87.309998,87.540001,76.959084,9866100
4/24/15,87.190002,87.360001,86.660004,86.970001,76.457985,8405700
4/27/15,87.410004,87.599998,86.760002,87.010002,76.493156,10534600
4/28/15,87.220001,87.860001,87.040001,87.800003,77.187668,9633800
4/29/15,87.5,88.07,86.959999,87.870003,77.249214,12534100
4/30/15,88.669998,88.669998,87.220001,87.370003,76.809647,13947700
5/01/15,87.849998,88.949997,87.699997,88.849998,78.110748,12257100
5/04/15,89.419998,89.879997,88.949997,89.110001,78.339333,10343700
5/05/15,89.970001,90.089996,88.519997,88.610001,77.899765,11895000
5/06/15,89.650002,89.959999,87.790001,88.190002,77.530533,11273500
5/07/15,88,88.099998,86.919998,87.599998,77.011848,9992500
5/08/15,88.470001,89.07,87.82,88.989998,78.233833,11390300
5/11/15,88.529999,88.57,86.650002,86.779999,76.921974,11997800
5/12/15,86.889999,87.459999,86.419998,87.019997,77.134705,9788900
5/13/15,87.279999,87.730003,86.400002,86.559998,76.726936,8629400
5/14/15,86.93,87.339996,86.75,86.970001,77.09037,8791300
5/15/15,86.800003,87.620003,86.599998,87.349998,77.4272,8422200
5/18/15,87.309998,87.459999,86.779999,86.849998,76.984009,6395400
5/19/15,86.470001,87.209999,86.209999,86.989998,77.108101,9777100
5/20/15,87.389999,87.400002,86.910004,87.129997,77.232201,7276600
5/21/15,87.279999,87.440002,86.959999,87.209999,77.303101,8357400
5/22/15,86.989998,87.099998,86.5,86.519997,76.691498,7598400
5/26/15,86.040001,86.370003,85.029999,85.349998,75.654396,11289000
5/27/15,85.300003,85.889999,84.769997,85.110001,75.441673,10778300
5/28/15,85.110001,85.57,84.82,85.110001,75.441673,8038900
5/29/15,85.099998,85.580002,84.879997,85.199997,75.521446,14631300
6/01/15,85.25,85.470001,84.800003,85.129997,75.459396,9077500
6/02/15,85.120003,85.589996,84.910004,85.139999,75.468277,9328300
6/03/15,85.230003,85.839996,84.860001,84.949997,75.299835,8170100
6/04/15,84.699997,84.889999,83.779999,84.220001,74.652771,12607300
6/05/15,84.129997,85,83.980003,84.279999,74.705963,11388500
6/08/15,84.18,85.209999,83.93,84.849998,75.211205,12244700
6/09/15,85.290001,85.43,84.489998,84.580002,74.971878,8105500
6/10/15,85.839996,85.970001,85,85.209999,75.530312,10147000
6/11/15,85.300003,85.699997,84.889999,85.089996,75.423935,7759300
6/12/15,84.580002,84.68,83.860001,84.019997,74.475487,8347300
6/15/15,83.529999,83.980003,83.190002,83.720001,74.209572,9563900
6/16/15,83.809998,84.75,83.400002,84.68,75.060516,9100100
6/17/15,85.029999,85.129997,84.410004,84.730003,75.104843,9090200
6/18/15,84.800003,85.959999,84.720001,85.480003,75.769638,10247800
6/19/15,84.919998,85.480003,84.919998,85.209999,75.530312,16129600
6/22/15,85.389999,85.599998,84.970001,85.169998,75.49485,9465100
6/23/15,85.220001,85.279999,84.589996,85.07,75.406212,10223900
6/24/15,84.889999,85.339996,84.660004,84.68,75.060516,11800100
6/25/15,84.849998,84.849998,83.93,83.93,74.395706,10259400
6/26/15,83.830002,84.099998,83.489998,83.860001,74.333656,19023300
6/29/15,83.050003,83.449997,82.800003,82.82,73.411797,11739200
6/30/15,83.739998,84.900002,82.800003,83.199997,73.748642,14981100
7/01/15,83.279999,83.529999,82.110001,82.370003,73.012932,13529100
7/02/15,82.790001,83.279999,82.550003,83.139999,73.69545,9188000
7/06/15,82.419998,83.059998,82.120003,82.529999,73.154747,11694400
7/07/15,82.190002,83.230003,81.489998,82.870003,73.456131,15641500
7/08/15,82.25,82.980003,81.910004,81.970001,72.658356,10057000
7/09/15,82.870003,83.150002,81.580002,81.599998,72.330391,11485600
7/10/15,82.089996,82.489998,81.720001,82.220001,72.879974,8628700
7/13/15,82.110001,82.610001,82.07,82.419998,73.057251,8026700
7/14/15,82.379997,83.32,82.260002,83.110001,73.668877,9310200
7/15/15,82.610001,83.419998,82.400002,82.760002,73.358635,9289200
7/16/15,83.18,83.480003,82.800003,82.910004,73.491592,8267600
7/17/15,82.510002,82.839996,81.790001,82.610001,73.225662,12156000
7/20/15,82.150002,82.410004,81.599998,81.760002,72.472237,12957100
7/21/15,81.93,82.43,81.43,81.660004,72.383583,8677100
7/22/15,82.349998,82.470001,81.580002,81.790001,72.49881,13181500
7/23/15,81.730003,81.970001,80.970001,81.139999,71.922646,10496100
7/24/15,81.160004,81.160004,79.720001,79.940002,70.858978,14888500
7/27/15,79.230003,80.129997,78.970001,79.260002,70.256218,14996100
7/28/15,79.699997,82.669998,79.57,82.480003,73.110428,19777300
7/29/15,82.18,83.199997,81.910004,83.139999,73.69545,13913800
7/30/15,83.18,83.32,82.419998,83.010002,73.580223,11139900
7/31/15,81.669998,81.669998,78.93,79.209999,70.211906,26232700
8/03/15,78.699997,78.93,77.629997,78.059998,69.192528,15767700
8/04/15,77.879997,78.610001,76.93,77.169998,68.403633,18874400
8/05/15,77.870003,78.230003,76.900002,77.169998,68.403633,16544400
8/06/15,76.940002,78.260002,76.910004,78.089996,69.219124,13005200
8/07/15,77.550003,77.970001,76.620003,76.830002,68.102257,12187600
8/10/15,77.089996,78.75,77.089996,78.75,69.804161,14876000
8/11/15,77.010002,78.07,76.330002,77.489998,69.329956,14486400
8/12/15,77.440002,78.870003,76.959999,78.790001,70.493057,16492400
8/13/15,78.32,79.290001,78.269997,78.650002,70.367821,13154100
8/14/15,78.639999,79.279999,78.25,78.360001,70.108353,9129300
8/17/15,77.93,79.18,77.449997,78.769997,70.475166,9365400
8/18/15,78.529999,78.669998,77.580002,77.900002,69.696785,9815300
8/19/15,77.510002,77.580002,75.93,76.230003,68.202652,16843100
8/20/15,76,76.18,74.57,74.57,66.717461,17811200
8/21/15,74.099998,74.889999,72.07,72.129997,64.534386,25488800
8/24/15,67.989998,71.379997,66.550003,68.720001,61.483482,35531200
8/25/15,71.309998,71.440002,68.199997,68.709999,61.474533,30409700
8/26/15,70.629997,72.75,69.150002,72.5,64.865448,34436000
8/27/15,73.800003,74.889999,73.010002,74.849998,66.967957,24571000
8/28/15,74.709999,75.980003,74.410004,75.07,67.164787,18997300
8/31/15,74.279999,75.550003,73.300003,75.239998,67.31691,19570100
9/01/15,73.300003,73.349998,71.510002,72.080002,64.48967,24092900
9/02/15,73.059998,73.239998,72,73.230003,65.518562,16936900
9/03/15,73.639999,74.910004,73.339996,73.790001,66.019592,13451900
9/04/15,72.93,73.139999,72.25,72.459999,64.829659,14902500
9/08/15,73.720001,73.720001,72.970001,73.5,65.760124,13626900
9/09/15,74.370003,74.68,71.849998,72,64.418083,17246200
9/10/15,72.809998,72.980003,71.800003,72.519997,64.883316,12353900
9/11/15,72.400002,72.720001,72.010002,72.690002,65.035431,12172300
9/14/15,72.309998,72.580002,71.760002,72.489998,64.856491,10738500
9/15/15,72.440002,73.309998,72.410004,72.860001,65.187531,11979800
9/16/15,73.510002,74.699997,73.370003,74.300003,66.475883,15214200
9/17/15,74.410004,75.470001,73.849998,74.459999,66.619034,15603000
9/18/15,73.260002,73.559998,72.120003,72.68,65.026474,23180200
9/21/15,73.099998,73.610001,72.730003,73.389999,65.66172,10853000
9/22/15,72.349998,73.519997,72.019997,72.739998,65.080154,14245200
9/23/15,72.870003,73.199997,72.290001,72.300003,64.686493,13784800
9/24/15,72,73.150002,71.720001,72.730003,65.071236,14584200
9/25/15,73.290001,73.529999,72.760002,73.230003,65.518562,15175300
9/28/15,72.620003,73.459999,72.400002,72.599998,64.954903,14571900
9/29/15,72.650002,73.190002,72.139999,72.970001,65.285942,13754400
9/30/15,73.400002,74.349998,73.330002,74.349998,66.520615,18176500
10/01/15,75.199997,75.580002,73.300003,74.059998,66.261154,14397800
10/02/15,73.389999,75.900002,73.029999,75.879997,67.889496,18811300
10/05/15,76.650002,77.150002,75.790001,76.809998,68.721558,18486700
10/06/15,76.959999,78.559998,76.260002,77.889999,69.687843,18757900
10/07/15,78.970001,79.290001,77.529999,79.199997,70.859879,18666300
10/08/15,79.309998,80.110001,78.540001,80.029999,71.602509,14344700
10/09/15,80.050003,80.169998,78.620003,79.260002,70.913582,17384700
10/12/15,79.589996,79.589996,78.720001,79.300003,70.949364,9931800
10/13/15,78.720001,79.550003,78.489998,79.160004,70.824112,12326600
10/14/15,78.970001,80.480003,78.779999,80.160004,71.718819,14486000
10/15/15,80.190002,81.529999,79.900002,81.480003,72.899803,13640900
10/16/15,82.260002,82.5,81.449997,82.480003,73.794487,14304400
10/19/15,82.010002,82.169998,80.760002,80.989998,72.461395,14155800
10/20/15,80.550003,81.059998,80.199997,80.830002,72.318237,12312400
10/21/15,80.860001,81.150002,80.110001,80.209999,71.763542,10274900
10/22/15,80.68,82.959999,80.660004,82.889999,74.161324,14823500
10/23/15,82.410004,83,81.889999,82.980003,74.241852,13215700
10/26/15,82.519997,82.730003,81.169998,81.220001,72.667183,12576400
10/27/15,80.57,81.160004,79.730003,81.089996,72.550865,13579400
10/28/15,81.309998,82.580002,80.93,82.279999,73.615555,12473000
10/29/15,81.790001,83.220001,81.790001,82.230003,73.570816,10341200
10/30/15,82.470001,83.879997,81.260002,82.739998,74.027107,18758600
11/02/15,82.300003,85.93,82.089996,85.279999,76.299637,21266500
11/03/15,85.660004,87.440002,85.580002,86.849998,77.704315,20115900
11/04/15,86.769997,87.080002,85.699997,85.980003,76.925926,14245400
11/05/15,85.550003,86.230003,84.5,84.809998,75.879135,12291100
11/06/15,83.93,84.470001,83.220001,84.470001,75.574936,12491700
11/09/15,83.559998,83.599998,81.800003,81.949997,73.959465,13551200
11/10/15,81.93,82.610001,81.860001,82.349998,74.320457,14238000
11/11/15,82.419998,82.559998,81.400002,81.620003,73.661636,9598000
11/12/15,80.57,81.279999,79.32,79.410004,71.667137,16050600
11/13/15,79.279999,79.580002,77.940002,78.099998,70.484863,17527300
11/16/15,77.940002,80.989998,77.910004,80.900002,73.011848,14548100
11/17/15,80.709999,80.879997,79.629997,79.959999,72.163513,10011700
11/18/15,79.889999,80.900002,79.589996,80.739998,72.867455,10884600
11/19/15,80.510002,80.779999,80.040001,80.300003,72.470375,9453300
11/20/15,80.57,80.940002,79.650002,79.790001,72.010094,10144400
11/23/15,79.599998,80.709999,79.059998,80.279999,72.452301,11868400
11/24/15,80.349998,82.349998,80.199997,81.879997,73.896309,15055500
11/25/15,81.300003,82.169998,81.099998,81.25,73.327736,8980400
11/27/15,80.580002,81.260002,80.459999,81.230003,73.309677,4156600
11/30/15,81.419998,82.650002,81.25,81.660004,73.697754,17729200
12/01/15,81.760002,82.129997,81.269997,81.889999,73.905327,13917000
12/02/15,81.309998,81.639999,79.419998,79.550003,71.793495,16300000
12/03/15,79.720001,79.849998,78.019997,78.410004,70.764633,14870300
12/04/15,77.349998,78.980003,77.029999,78.860001,71.170769,20156400
12/07/15,77.330002,77.5,75.75,76.800003,69.31163,17676100
12/08/15,75.269997,76.349998,73.790001,74.629997,67.35321,24217600
12/09/15,74.839996,77.190002,74.730003,75.629997,68.255707,22036300
12/10/15,75.800003,77.5,75.519997,75.690002,68.309853,20076900
12/11/15,74.82,75.540001,74.339996,74.339996,67.091484,20473100
12/14/15,74.300003,76.220001,74.089996,76.029999,68.616707,21976500
12/15/15,77.43,79.599998,77.330002,79.43,71.685181,24366800
12/16/15,79.040001,79.610001,78,79.150002,71.432495,17233900
12/17/15,79.019997,79.230003,77.949997,77.959999,70.358513,17362900
12/18/15,77.57,78.779999,77.059998,77.279999,69.74482,28836000
12/21/15,77.790001,78.099998,76.650002,77.260002,69.726776,14460500
12/22/15,77.699997,77.900002,77.209999,77.650002,70.078743,13855800
12/23/15,78.68,80.220001,78.32,80.190002,72.371078,15184200
12/24/15,80.269997,80.269997,79.120003,79.330002,71.594933,5848300
12/28/15,78.120003,78.860001,77.910004,78.739998,71.062477,9715800
12/29/15,79.989998,80.080002,78.839996,79.160004,71.441521,8839000
12/30/15,78.32,78.989998,77.970001,78.110001,70.493896,9314600
12/31/15,77.510002,78.440002,77.43,77.949997,70.349495,10235700
1/04/16,77.5,77.940002,76.459999,77.459999,69.907257,20400100
1/05/16,77.190002,78.139999,76.919998,78.120003,70.502907,11993500
1/06/16,76.639999,77.639999,76.589996,77.470001,69.916298,18826900
1/07/16,76.059998,77.989998,75.900002,76.230003,68.797211,21263800
1/08/16,76.349998,76.650002,74.5,74.690002,67.407364,19033600
1/11/16,75.010002,75.120003,72.559998,73.690002,66.50486,21353000
1/12/16,74.120003,75.419998,73.150002,75.199997,67.867638,21864100
1/13/16,75.849998,77.059998,74.940002,75.650002,68.27375,26052700
1/14/16,76.209999,79.919998,75.800003,79.120003,71.405418,33806700
1/15/16,76.330002,78.169998,76.300003,77.580002,70.015564,27985300
1/19/16,77.93,78.239998,75.190002,76.400002,68.950615,22684500
1/20/16,75.07,75.720001,71.550003,73.18,66.044594,33300800
1/21/16,73.160004,74.989998,72.610001,74.099998,66.874893,22265600
1/22/16,76.419998,76.769997,74.720001,76.57,69.104042,22530300
1/25/16,75.75,76.339996,73.900002,73.980003,66.766594,17086600
1/26/16,74.769997,76.769997,74.25,76.699997,69.221367,18724700
1/27/16,76,77.470001,74.720001,75.290001,67.948853,18106100
1/28/16,77.349998,77.660004,75.620003,76.989998,69.483093,16157700
1/29/16,76.730003,77.849998,76.25,77.849998,70.259247,25161900
2/01/16,76.660004,76.790001,75.440002,76.290001,68.851349,16754200
2/02/16,74.190002,75.620003,73.550003,74.589996,67.317101,21404200
2/03/16,75.529999,78.529999,74.260002,78.480003,70.827812,25873700
2/04/16,78.580002,80,77.559998,79.830002,72.046188,23658700
2/05/16,79.400002,80.099998,78.57,80.080002,72.271805,26719900
2/08/16,79.300003,81.779999,78.910004,81.160004,73.246506,26601200
2/09/16,79.980003,80.669998,78.690002,80.080002,72.927765,18418100
2/10/16,79.769997,81.449997,79.279999,79.349998,72.26297,16610900
2/11/16,78.339996,80.150002,77.580002,79.599998,72.490631,19331600
2/12/16,80.080002,81.07,79.809998,81.029999,73.792908,16767200
2/16/16,81.699997,81.849998,80.279999,81.220001,73.96595,15912200
2/17/16,81.650002,82.779999,81.160004,82,74.676277,17006700
2/18/16,82.900002,83.059998,81.860001,82.449997,75.086082,14873700
2/19/16,82.190002,82.550003,80.910004,82.5,75.13163,13615900
2/22/16,82.5,83.440002,82.199997,82.389999,75.031456,14595200
2/23/16,81.989998,82.370003,80.879997,81.230003,73.975044,11041600
2/24/16,79.910004,81.769997,79.669998,81.519997,74.239159,13777500
2/25/16,81.559998,82.07,80.019997,82.010002,74.685387,13706400
2/26/16,82.889999,83.080002,81.690002,81.75,74.448601,14343300
2/29/16,81.879997,82.400002,80.050003,80.150002,72.991516,18903600
3/01/16,80.559998,81.769997,80.32,81.279999,74.020584,15730600
3/02/16,80.949997,82.720001,80.309998,82.699997,75.313759,14094400
3/03/16,82.660004,82.720001,81.540001,82.400002,75.040558,13216200
3/04/16,82.660004,82.970001,81.760002,82.290001,74.940376,18402700
3/07/16,82.309998,84.459999,82.209999,84.459999,76.916557,18945600
3/08/16,84,84.209999,82.480003,82.629997,75.250015,14003900
3/09/16,83.220001,83.849998,82.239998,82.400002,75.040558,14139300
3/10/16,82.419998,82.660004,80.93,82.18,74.840202,15898300
3/11/16,83.220001,83.529999,82.010002,82.190002,74.849312,15370200
3/14/16,81.480003,82.639999,81.019997,82.410004,75.049667,13344600
3/15/16,81.599998,82.849998,81.519997,82.82,75.423042,9213000
3/16/16,83.019997,83.160004,81.940002,82.870003,75.468582,11492100
3/17/16,83.68,84.68,82.720001,84.099998,76.588715,13673900
3/18/16,84.589996,84.599998,83.25,84.199997,76.679787,19637000
3/21/16,83.839996,84.139999,83.5,83.620003,76.151604,8385400
3/22/16,83.080002,84.860001,83.010002,84.120003,76.606941,13005100
3/23/16,83.860001,84.300003,83.519997,83.75,76.269981,12748900
3/24/16,82.940002,84.029999,82.93,83.980003,76.479454,9368300
3/28/16,84.029999,84.360001,83.699997,84.220001,76.698006,7490400
3/29/16,83.669998,84.610001,83.160004,84.529999,76.980316,9977900
3/30/16,85.029999,85.050003,84,84.519997,76.971207,10807000
3/31/16,84.07,85.099998,83.589996,83.589996,76.124268,13896900
4/01/16,82.400002,83.389999,82.389999,82.959999,75.550537,12235300
4/04/16,83.059998,83.900002,82.779999,83.160004,75.732674,8050200
4/05/16,82.610001,83.129997,81.989998,82.209999,74.867531,10446800
4/06/16,82.690002,83.459999,82.300003,83.309998,75.869278,9320200
4/07/16,82.760002,83.169998,82.050003,82.370003,75.013237,8267100
4/08/16,83.300003,83.449997,82.849998,83.209999,75.778206,9376200
4/11/16,83.330002,84.239998,83.279999,83.32,75.878387,9925000
4/12/16,83.690002,84.629997,83.370003,84.349998,76.816399,9986100
4/13/16,84.5,84.910004,84.040001,84.830002,77.253525,9235700
4/14/16,85,85.900002,84.760002,85.43,77.799934,10625800
4/15/16,85.300003,85.660004,84.779999,84.970001,77.381027,11280200
4/18/16,84.970001,85.860001,83.860001,85.779999,78.118668,9032900
4/19/16,85.849998,86.309998,85.220001,86.209999,78.510277,10354500
4/20/16,86.230003,87.440002,85.970001,86.800003,79.047585,15247100
4/21/16,86.589996,87.839996,86.57,86.790001,79.038475,12075300
4/22/16,87.239998,87.639999,86.82,87.529999,79.712387,9150800
4/25/16,87.089996,87.400002,86.349998,87.330002,79.530243,8076400
4/26/16,87.75,87.940002,87.059998,87.629997,79.803452,9425900
4/27/16,87.949997,88.720001,87.330002,88.459999,80.559311,10463500
4/28/16,87.860001,88.779999,87.5,88.029999,80.167717,11276200
4/29/16,88.68,89.779999,87.739998,88.400002,80.504669,17885900
5/02/16,88.239998,89.480003,88.080002,89.129997,81.169464,10273700
5/03/16,88.400002,88.629997,87.360001,88.110001,80.240585,9944600
5/04/16,88.300003,88.739998,87.599998,87.940002,80.085754,10601100
5/05/16,88.760002,88.970001,87.620003,88.040001,80.176834,8721100
5/06/16,87.459999,88.68,87.459999,88.510002,80.604851,7964000
5/09/16,88.599998,88.760002,87.230003,88.57,80.659492,11159500
5/10/16,88.900002,90,88.82,89.989998,81.95266,12509100
5/11/16,89.160004,89.68,88.720001,88.809998,81.557777,11660200
5/12/16,89.800003,89.93,89.150002,89.669998,82.347557,10720500
5/13/16,89.279999,89.660004,88.510002,88.660004,81.420044,9721100
5/16/16,89.199997,89.669998,89,89.57,82.255722,8638700
5/17/16,89.269997,89.910004,89.160004,89.529999,82.218987,9835600
5/18/16,89.800003,90,88.650002,89.349998,82.05368,9680300
5/19/16,88.610001,90.160004,88.449997,90.110001,82.751617,14397900
5/20/16,90.389999,90.400002,89.379997,89.739998,82.411835,13191900
5/23/16,89,89.900002,88.82,89.599998,82.283264,11766100
5/24/16,89.889999,90.400002,89.550003,89.669998,82.347557,10056600
5/25/16,89.849998,90.370003,89.589996,90.260002,82.889374,9578400
5/26/16,90.25,90.459999,89.269997,89.800003,82.466942,7867900
5/27/16,89.400002,90.050003,89.32,90.010002,82.65979,7478100
5/31/16,90,90.199997,88.730003,89.019997,81.750641,13178800
6/01/16,88.43,89.449997,88.129997,89.239998,81.95266,7994800
6/02/16,88.209999,88.529999,87.610001,88.529999,81.300644,9837500
6/03/16,88.440002,88.830002,88.029999,88.370003,81.153717,9308300
6/06/16,88.870003,89.5,88.690002,89.339996,82.044495,8573000
6/07/16,89.75,90.919998,89.709999,90.709999,83.302628,12889100
6/08/16,91.029999,91.300003,90.529999,90.790001,83.376091,9983000
6/09/16,90.18,91.029999,90.110001,90.669998,83.265892,8974300
6/10/16,90.400002,90.919998,89.779999,89.980003,82.63224,10353800
6/13/16,89.919998,91.43,89.699997,90.589996,83.192421,11370000
6/14/16,90.449997,90.870003,89.849998,90.43,83.045486,10161000
6/15/16,90.230003,90.900002,90,90.160004,82.797554,10655800
6/16/16,89.699997,91.389999,89.110001,91.220001,83.770981,12824800
6/17/16,91.489998,91.589996,90.190002,90.720001,83.311821,17483200
6/20/16,91.290001,91.589996,91.07,91.120003,83.679153,9388500
6/21/16,90.720001,91.639999,90.25,91.529999,84.055679,8557500
6/22/16,91.839996,91.93,91.010002,91.169998,83.725067,8785400
6/23/16,91.93,92.07,91.190002,91.800003,84.303627,9464500
6/24/16,89.879997,90.800003,89.150002,89.389999,82.090424,20010500
6/27/16,88.900002,89.099998,88.110001,88.860001,81.603691,14169400
6/28/16,89.730003,90.93,89.519997,90.910004,83.48629,13254300
6/29/16,91.410004,92.699997,91.120003,92.459999,84.909729,13920600
6/30/16,92.330002,93.830002,92.300003,93.739998,86.085205,14073700
7/01/16,93.360001,93.980003,93.07,93.839996,86.177032,9946300
7/05/16,93.120003,93.599998,92.25,93.019997,85.423996,10744100
7/06/16,93.349998,94.120003,92.440002,94.089996,86.406609,13144400
7/07/16,94.339996,94.489998,92.349998,92.959999,85.368881,12240700
7/08/16,93.389999,93.779999,92.919998,93.540001,85.901527,9807600
7/11/16,93.75,94.410004,93.650002,93.889999,86.222946,8335700
7/12/16,94.669998,94.949997,94.089996,94.949997,87.196381,9870800
7/13/16,94.650002,94.919998,94.110001,94.879997,87.132111,9458200
7/14/16,95.050003,95.529999,94.620003,94.949997,87.196381,9293500
7/15/16,95.440002,95.550003,94.639999,95.120003,87.352501,10334500
7/18/16,94.919998,95.150002,94.400002,94.82,87.077003,9865900
7/19/16,94.760002,94.940002,94.199997,94.470001,86.755585,5901800
7/20/16,94.25,94.419998,93.800003,93.93,86.259682,7383800
7/21/16,93.889999,94.260002,93.459999,93.849998,86.186211,6854600
7/22/16,94.110001,94.290001,93.720001,94.010002,86.333145,7139700
7/25/16,93.470001,93.620003,91.760002,92.199997,84.670952,10845900
7/26/16,91.629997,92.029999,91.110001,91.529999,84.055679,12143500
7/27/16,91.510002,91.809998,90.629997,90.910004,83.48629,10037900
7/28/16,90.540001,90.730003,89.610001,90.199997,82.834274,12439200
7/29/16,87.610001,89.010002,86.120003,88.949997,81.68634,23928100
8/01/16,88.080002,88.150002,85.589996,85.860001,78.848679,22908400
8/02/16,86.449997,87.32,85.580002,87.040001,79.93232,18919200
8/03/16,87.010002,87.489998,86.599998,87.489998,80.345581,14632900
8/04/16,87.5,87.650002,87.029999,87.480003,80.336388,13451400
8/05/16,87.730003,87.830002,87.150002,87.559998,80.409851,9617300
8/08/16,88.050003,88.889999,88.029999,88.589996,81.355736,10492700
8/09/16,88.620003,88.760002,88.18,88.699997,81.456757,9654600
8/10/16,87.779999,87.919998,86.010002,86.410004,80.030464,12714800
8/11/16,86.690002,87.269997,86.260002,86.720001,80.317574,11616000
8/12/16,86.959999,87.980003,86.900002,87.849998,81.364136,9986900
8/15/16,88.419998,88.5,87.639999,87.809998,81.327087,6432600
8/16/16,87.830002,88.18,87.370003,87.919998,81.428978,6817900
8/17/16,87.919998,88.18,87.660004,88.110001,81.604958,7104600
8/18/16,88.379997,88.940002,88.120003,88.910004,82.345886,10342700
8/19/16,88.629997,88.739998,87.790001,87.800003,81.317841,8615300
8/22/16,87.309998,88.099998,86.849998,87.989998,81.493813,8235400
8/23/16,87.839996,88.019997,87.559998,87.720001,81.243744,6514800
8/24/16,87.5,88.160004,87.349998,88.019997,81.521584,7985400
8/25/16,88.019997,88.029999,87.239998,87.459999,81.002945,6935300
8/26/16,87.629997,88.110001,87,87.269997,80.826973,6474400
8/29/16,87.040001,87.919998,87.040001,87.839996,81.354874,7027200
8/30/16,87.870003,88.25,87.370003,87.519997,81.05851,6441100
8/31/16,87.139999,87.209999,86.220001,87.139999,80.706566,12491400
9/01/16,86.720001,86.839996,86.089996,86.839996,80.428711,8434700
9/02/16,87.419998,87.580002,86.93,87.419998,80.965889,7099600
9/06/16,87.839996,88.639999,87.660004,88.57,82.030991,9851200
9/07/16,88.650002,88.669998,87.970001,88.239998,81.725349,7470400
9/08/16,88.550003,89.370003,88.040001,89.050003,82.475548,9579500
9/09/16,88.660004,88.660004,86.800003,86.839996,80.428711,12820200
9/12/16,86.779999,87.709999,86.629997,87.290001,80.84549,10889000
9/13/16,86.459999,86.470001,85.080002,85.209999,78.919044,13214300
9/14/16,85.040001,85.830002,84.269997,84.599998,78.354088,13957000
9/15/16,84.669998,85.650002,84.519997,85.080002,78.798645,9062600
9/16/16,84.510002,85.050003,83.559998,84.029999,77.826164,21538400
9/19/16,84.580002,84.620003,83.809998,83.830002,77.640945,7929100
9/20/16,83.730003,83.949997,82.540001,82.540001,76.446167,17522000
9/21/16,82.82,83.620003,82.309998,83.300003,77.150063,15055900
9/22/16,84.279999,84.550003,83.379997,83.540001,77.372345,10738500
9/23/16,82.68,84.309998,82.589996,83.449997,77.288994,12667100
9/26/16,83.519997,84.5,82.93,83.059998,76.92778,10860300
9/27/16,82.589996,83.339996,82.290001,83.239998,77.094505,9595000
9/28/16,83.459999,87.230003,83.339996,86.900002,80.484283,28117900
9/29/16,86.970001,87.199997,85.68,86.459999,80.076767,19082900
9/30/16,86.839996,87.809998,86.650002,87.279999,80.83622,15961500
10/03/16,86.940002,87.199997,86.540001,87.050003,80.623199,7111200
10/04/16,87.379997,87.5,86.07,86.25,79.882263,8222000
10/05/16,86.830002,87.169998,86.699997,87,80.576904,8796200
10/06/16,87.25,87.470001,86.440002,87.040001,80.613953,7718300
10/07/16,86.949997,87.400002,86.419998,86.739998,80.336098,6614900
10/10/16,87.540001,88.669998,87.510002,88.440002,81.910583,10060000
10/11/16,88.080002,88.190002,87.300003,87.739998,81.262253,9309000
10/12/16,87.220001,87.720001,86.669998,87.129997,80.697304,8172600
10/13/16,86.349998,86.870003,85.43,86.559998,80.16938,9890300
10/14/16,87.190002,87.540001,86.480003,86.540001,80.150864,7991700
10/17/16,86.480003,86.790001,86.07,86.540001,80.150864,7263100
10/18/16,87.169998,87.330002,86.379997,86.769997,80.363869,5429300
10/19/16,87.190002,87.849998,86.879997,87.169998,80.734337,9373400
10/20/16,86.790001,87.5,86.599998,87.209999,80.771385,6866900
10/21/16,86.419998,86.82,85.699997,86.620003,80.22496,10736200
10/24/16,86.739998,87.32,86.07,86.910004,80.493553,8354900
10/25/16,86.669998,87.650002,86.599998,86.720001,80.317574,6835900
10/26/16,86.25,87.449997,85.949997,87.089996,80.66024,8488100
10/27/16,87.279999,87.660004,86.800003,86.919998,80.502808,9071100
10/28/16,85.279999,86.360001,84.139999,84.779999,78.520798,19072200
10/31/16,83.879997,84.400002,82.989998,83.32,77.168594,16663800
11/01/16,83.5,83.919998,83.269997,83.650002,77.474236,13050600
11/02/16,83.300003,83.879997,82.940002,83.449997,77.288994,11226100
11/03/16,83.68,83.879997,83.050003,83.660004,77.483482,8836500
11/04/16,83.629997,84.330002,82.760002,83.57,77.400124,13877100
11/07/16,84.489998,85.470001,84.400002,85.449997,79.141335,13576200
11/08/16,84.730003,85.830002,84.489998,85.309998,79.711296,9708100
11/09/16,84.050003,86.709999,83.660004,86.25,80.589607,15901300
11/10/16,85.910004,87.989998,85.660004,87.050003,81.337105,14106100
11/11/16,86.529999,86.730003,84.889999,85.669998,80.047676,13711000
11/14/16,85.300003,85.650002,84.330002,85.279999,79.683273,12607500
11/15/16,85.769997,87.059998,85.769997,86.82,81.1222,12883500
11/16/16,86.739998,86.779999,85.580002,85.75,80.122429,8201200
11/17/16,86.440002,86.879997,85.019997,85.230003,79.636551,8200500
11/18/16,85.209999,85.650002,84.830002,85.279999,79.683273,8457800
11/21/16,86.440002,86.690002,86.139999,86.489998,80.813858,8861500
11/22/16,86.690002,87.239998,85.970001,86.68,80.991394,9390200
11/23/16,86.540001,87.080002,86.309998,86.919998,81.215645,5996300
11/25/16,86.709999,87.139999,86.540001,87.120003,81.402519,5042300
11/28/16,86.949997,87.129997,86.370003,86.470001,80.795174,7449600
11/29/16,85.419998,86.080002,85.080002,85.900002,80.262573,9181100
11/30/16,87.599998,88.190002,87.199997,87.300003,81.570702,22696200
12/01/16,87.980003,88.5,87.239998,87.239998,81.514648,13005600
12/02/16,87.190002,87.989998,86.599998,87.040001,81.327774,9706600
12/05/16,87.389999,87.82,86.919998,87.480003,81.738892,11741100
12/06/16,87.269997,87.870003,86.699997,87.559998,81.813637,11293600
12/07/16,87.629997,88.150002,87.199997,88.07,82.290176,11182600
12/08/16,88.050003,88.849998,87.650002,88.32,82.523766,9086700
12/09/16,88.639999,89,88.18,89,83.159126,8021700
12/12/16,90.139999,91.5,90.139999,90.980003,85.009193,15545400
12/13/16,91.889999,93.220001,91.169998,92.580002,86.504189,18829300
12/14/16,92.260002,92.269997,90.169998,90.580002,84.635445,16325400
12/15/16,90.099998,90.980003,89.760002,90.889999,84.925102,11155100
12/16/16,91.519997,91.669998,90.639999,91.18,85.196068,20560400
12/19/16,91.379997,91.540001,90.199997,90.419998,84.485954,9674400
12/20/16,90.510002,90.849998,90.290001,90.43,84.495285,7221000
12/21/16,90.68,90.900002,90.18,90.279999,84.355133,7308000
12/22/16,90.019997,90.900002,90.019997,90.870003,84.90641,8003100
12/23/16,90.889999,90.959999,90.519997,90.709999,84.756912,4266500
12/27/16,90.830002,91.110001,90.580002,90.75,84.794289,4960600
12/28/16,90.68,91.110001,90.260002,90.300003,84.373825,6745900
12/29/16,90.099998,90.599998,90.029999,90.349998,84.420532,6684700
12/30/16,90.029999,90.699997,90.010002,90.260002,84.336441,9117800
1/03/17,90.940002,91.339996,90.150002,90.889999,84.925102,10360600
1/04/17,91.120003,91.150002,89.75,89.889999,83.99073,9434200
1/05/17,90.190002,90.300003,88.440002,88.550003,82.73867,14443200
1/06/17,88.790001,88.980003,87.82,88.5,82.691956,16518100
1/09/17,88.220001,88.220001,86.550003,87.040001,81.327774,13762300
1/10/17,87.169998,87.309998,85.910004,85.93,80.290611,13283100
1/11/17,85.900002,86.949997,85.860001,86.809998,81.112862,11183700
1/12/17,87.269997,87.379997,86.07,86.339996,80.673698,10407000
1/13/17,86.269997,86.68,86.169998,86.349998,80.683052,8415600
1/17/17,86.580002,87.389999,86.25,87.360001,81.62677,13237300
1/18/17,87.059998,87.410004,86.050003,86.279999,80.617638,11831700
1/19/17,85.970001,86.099998,84.589996,84.730003,79.169373,16382900
1/20/17,85.440002,85.959999,85.050003,85.889999,80.253242,18739700
1/23/17,85.68,85.879997,84.75,84.970001,79.393616,11433900
1/24/17,84.980003,85.470001,84.830002,85.089996,79.505745,11858100
1/25/17,85.339996,85.879997,85.25,85.339996,79.739334,9578500
1/26/17,85.690002,85.830002,85.120003,85.599998,79.982262,8779400
1/27/17,85.300003,85.75,85.040001,85.510002,79.89817,10947900
1/30/17,85.419998,85.449997,84.18,84.860001,79.290825,12789200
1/31/17,85.040001,85.07,83.129997,83.889999,78.384491,19128100
2/01/17,84,84.160004,82.540001,82.940002,77.496841,15111800
2/02/17,83.209999,83.529999,82.550003,83.449997,77.973373,12200100
2/03/17,83.699997,83.720001,82.900002,83.540001,78.057465,12746300
2/06/17,83.550003,83.650002,82.93,83.309998,77.84256,9938200
2/07/17,83.230003,83.620003,82.449997,82.769997,77.337997,11705200
2/08/17,81.989998,82.120003,81.169998,81.480003,76.828827,14006300
2/09/17,81.480003,82.050003,81.480003,81.839996,77.168274,9603000
2/10/17,82.260002,82.769997,82.129997,82.519997,77.809448,8739800
2/13/17,82.769997,83.18,82.349998,83,78.262054,9071600
2/14/17,82.910004,83.099998,82.059998,82.82,78.092331,11370500
2/15/17,82.639999,83.18,82.459999,83.160004,78.412918,11768500
2/16/17,83.120003,83.419998,82.169998,82.300003,77.60202,10615000
2/17/17,82.089996,82.190002,81.440002,81.760002,77.092842,15646000
2/21/17,82.120003,82.150002,81.300003,81.889999,77.215408,16419600
2/22/17,81.650002,81.699997,80.870003,80.93,76.310226,12917400
2/23/17,81.419998,82.220001,81.029999,81.779999,77.111694,13847000
2/24/17,81.599998,81.800003,80.760002,81.080002,76.45166,11338700
2/27/17,81.129997,81.709999,80.809998,81.540001,76.885399,13465900
2/28/17,81.529999,81.989998,81.050003,81.32,76.677963,16834200
3/01/17,81.699997,83.330002,81.699997,83.019997,78.280907,17482100
3/02/17,82.800003,84.25,82.790001,83.300003,78.544937,14170300
3/03/17,83.300003,83.599998,82.260002,82.459999,77.752884,12190400
3/06/17,82.440002,82.900002,82.330002,82.830002,78.101761,9617200
3/07/17,83.110001,83.290001,82.139999,82.519997,77.809448,12711500
3/08/17,82.349998,82.379997,81.010002,81.029999,76.404503,16817700
3/09/17,80.639999,81.720001,80.309998,81.669998,77.00798,14721800
3/10/17,82.440002,82.470001,81.160004,81.610001,76.951401,11355200
3/13/17,81.5,81.940002,81.050003,81.419998,76.77224,9571400
3/14/17,81,81.230003,80.440002,80.989998,76.366791,11335700
3/15/17,81.349998,82.059998,81.050003,82,77.319138,11970300
3/16/17,82.029999,82.199997,81.669998,82.07,77.385147,9923800
3/17/17,82.029999,82.260002,81.82,82,77.319138,18834100
3/20/17,81.720001,82.040001,81.440002,82,77.319138,7700300
3/21/17,82.160004,82.349998,81.599998,81.830002,77.158844,13387700
3/22/17,81.959999,82.089996,81.43,81.760002,77.092842,11168400
3/23/17,81.629997,82.220001,81.459999,81.860001,77.187134,8928000
3/24/17,82.029999,82.029999,81.150002,81.230003,76.593102,9128500
3/27/17,80.82,81.43,80.790001,81.25,76.611954,8481200
3/28/17,81.32,82.019997,80.959999,81.839996,77.168274,11028600
3/29/17,81.690002,82.279999,81.550003,82.019997,77.337997,8495500
3/30/17,82.029999,83.870003,81.940002,83.699997,78.922096,44704900
3/31/17,83.260002,83.309998,81.860001,82.010002,77.328583,21750400
4/03/17,82.019997,82.309998,81.349998,82.07,77.385147,11438700
4/04/17,82.099998,82.419998,81.330002,82.370003,77.668022,9270900
4/05/17,82.849998,83.550003,82.470001,82.529999,77.818893,13809100
4/06/17,82.75,83.209999,82.459999,83.010002,78.271477,9554900
4/07/17,83.239998,83.360001,82.68,82.760002,78.035759,8909600
4/10/17,83.120003,83.470001,82.919998,83.129997,78.384636,8885300
4/11/17,83.080002,83.169998,82.419998,82.839996,78.111183,8576500
4/12/17,82.860001,83.349998,82.699997,82.970001,78.233765,9516100
4/13/17,82.720001,82.730003,81.57,81.690002,77.026833,8667900
4/17/17,81.849998,81.970001,81.440002,81.580002,76.923119,9577200
4/18/17,81.32,81.82,81.029999,81.050003,76.42337,8821400
4/19/17,81.169998,81.510002,80.300003,80.489998,75.895332,10764400
4/20/17,80.949997,81.739998,80.699997,81.010002,76.385658,11649100
4/21/17,80.93,81,80.470001,80.690002,76.083923,9816700
4/24/17,81.279999,81.400002,80.809998,81.110001,76.479942,8729700
4/25/17,81.43,81.93,81.279999,81.730003,77.06456,10733800
4/26/17,81.519997,82.330002,81.389999,81.400002,76.753403,9445900
4/27/17,81.07,81.300003,80.940002,81.260002,76.621384,12385300
4/28/17,82.459999,82.489998,81.559998,81.650002,76.989128,12072200
5/01/17,81.510002,82.209999,81.480003,82.059998,77.375725,8664100
5/02/17,82.139999,82.589996,81.900002,82.050003,77.366287,9102900
5/03/17,81.970001,83.07,81.910004,82.699997,77.979179,10289000
5/04/17,82.290001,82.360001,81.400002,81.639999,76.979683,16164500
5/05/17,81.629997,82.239998,81.610001,82.019997,77.337997,10213000
5/08/17,82,82.940002,82,82.889999,78.158333,8097100
5/09/17,82.959999,83,82.160004,82.309998,77.611435,8647100
5/10/17,82.120003,82.370003,81.650002,81.910004,77.963623,9520300
5/11/17,82.589996,82.709999,82.099998,82.610001,78.62989,10047300
5/12/17,82.389999,82.709999,82.25,82.550003,78.572784,7480200
5/15/17,83,83.18,82.650002,82.800003,78.810738,10881500
5/16/17,82.900002,83.230003,82.449997,82.550003,78.572784,9574200
5/17/17,82.550003,83.040001,81.959999,81.989998,78.039764,11151100
5/18/17,81.769997,82.150002,81.419998,81.75,77.811333,9905800
5/19/17,82,82.089996,81.690002,81.93,77.982658,13028500
5/22/17,82.110001,82.330002,81.93,82.290001,78.32531,9218700
5/23/17,82.32,82.889999,82.239998,82.580002,78.601341,6857200
5/24/17,82.419998,82.540001,82.010002,82.290001,78.32531,8136000
5/25/17,82.330002,82.709999,81.519997,81.75,77.811333,12370900
5/26/17,81.610001,81.800003,80.830002,81.550003,77.620964,8227100
5/30/17,81.279999,81.339996,81.040001,81.099998,77.192635,8973600
5/31/17,80.940002,80.949997,80.470001,80.5,76.621552,13572300
6/01/17,80.370003,80.900002,80.190002,80.699997,76.811905,9884100
6/02/17,80.589996,80.68,79.260002,79.5,75.669739,21687300
6/05/17,79.440002,80.389999,79.400002,80.120003,76.259857,11527100
6/06/17,80.300003,81.32,80.220001,81.209999,77.297348,12208600
6/07/17,81.050003,81.400002,80.339996,80.910004,77.011795,13096500
6/08/17,80.910004,81.080002,80.489998,80.620003,76.735771,11720700
6/09/17,81.150002,82.139999,80.690002,82.129997,78.173019,13553900
6/12/17,82.129997,83.690002,82.129997,82.93,78.934479,18172900
6/13/17,82.849998,83.269997,82.57,82.959999,78.963028,12175500
6/14/17,82.809998,82.82,81.559998,82.07,78.115913,13714000
6/15/17,81.779999,82.400002,81.580002,82.260002,78.296761,11862600
6/16/17,82.610001,83.540001,82.199997,83.489998,79.467491,39726100
6/19/17,83.489998,83.489998,82.550003,82.760002,78.772659,10445700
6/20/17,82.07,82.470001,81.410004,82.309998,78.344337,13232600
6/21/17,82.040001,82.629997,81.139999,81.440002,77.516266,11422300
6/22/17,81.449997,81.580002,80.900002,81.080002,77.173615,8139900
6/23/17,80.849998,81.690002,80.760002,81.610001,77.67807,10611200
6/26/17,81.57,81.75,80.910004,81.239998,77.32589,7718700
6/27/17,81.449997,81.730003,81.110001,81.110001,77.202164,9221600
6/28/17,81.410004,81.760002,81.190002,81.529999,77.601929,9189700
6/29/17,81.370003,81.839996,80.410004,80.699997,76.811905,20525100
6/30/17,81.080002,81.239998,80.699997,80.730003,76.840477,14000600
7/03/17,80.790001,82.489998,80.720001,82.099998,78.144463,8422300
7/05/17,81.68,81.68,80.519997,80.849998,76.954689,9830800
7/06/17,80.860001,81.080002,80.089996,80.120003,76.259857,9822400
7/07/17,80.199997,80.599998,79.809998,80.220001,76.355049,10777800
7/10/17,80,80.410004,79.959999,80.160004,76.297943,6338300
7/11/17,80.330002,80.75,80.040001,80.599998,76.716736,9681100
7/12/17,81.190002,81.519997,80.75,80.959999,77.059402,7974000
7/13/17,80.970001,81.089996,80.730003,80.970001,77.068909,5582300
7/14/17,81,81.410004,80.769997,81.279999,77.363968,7497200
7/17/17,81,81.43,80.830002,80.860001,76.964203,7914700
7/18/17,81.019997,81.080002,80.410004,80.599998,76.716736,8046100
7/19/17,80.440002,80.870003,80.269997,80.849998,76.954689,9393200
7/20/17,80.970001,81.489998,80.75,80.860001,76.964203,9681000
7/21/17,80.650002,80.839996,80,80.120003,76.259857,12268600
7/24/17,80.059998,80.220001,79.760002,79.870003,76.021904,9403000
7/25/17,80.769997,81.050003,80.269997,80.269997,76.402626,11465300
7/26/17,80.580002,80.900002,80.199997,80.370003,76.49781,10465100
7/27/17,80.239998,80.879997,79.900002,80.830002,76.935646,11149700
7/28/17,79.650002,79.919998,78.269997,79.599998,75.764908,22800800
7/31/17,79.830002,80.389999,79.599998,80.040001,76.183723,12820200
8/01/17,80.160004,80.540001,79.970001,80.169998,76.307449,10421200
8/02/17,79.900002,80.639999,79.800003,80.599998,76.716736,10410100
8/03/17,80.339996,80.82,80.300003,80.489998,76.61203,10136700
8/04/17,80.440002,80.559998,80.050003,80.209999,76.345512,8292200
8/07/17,80.169998,80.169998,79.860001,80.160004,76.297943,7893800
8/08/17,80.019997,80.220001,79.830002,79.959999,76.107567,9028400
8/09/17,80.25,80.349998,79.779999,80.209999,76.345512,8087100
8/10/17,79.760002,79.779999,78.910004,78.970001,75.893837,12580300
8/11/17,79.209999,79.25,78.199997,78.209999,75.163437,10192400
8/14/17,78.620003,78.790001,78.120003,78.230003,75.182655,8862500
8/15/17,78.120003,78.25,77.68,78.040001,75.000061,10350900
8/16/17,78.040001,78.169998,77.309998,77.470001,74.452263,9117100
8/17/17,77.260002,77.279999,76.209999,76.260002,73.289406,13400400
8/18/17,76.18,77.110001,76.050003,76.639999,73.654594,14324300
8/21/17,76.470001,76.620003,76.080002,76.379997,73.404716,10084900
8/22/17,76.550003,77.330002,76.529999,76.739998,73.750694,9503600
8/23/17,76.699997,77.010002,76.470001,76.610001,73.625763,7054300
8/24/17,76.5,76.650002,76.199997,76.330002,73.356667,8678300
8/25/17,76.559998,77.129997,76.43,76.720001,73.731483,6844900
8/28/17,76.900002,76.940002,76.260002,76.470001,73.491219,8229700
8/29/17,76.209999,76.489998,76.080002,76.449997,73.471992,7060400
8/30/17,76.239998,76.449997,76.059998,76.099998,73.135628,8218000
8/31/17,76.269997,76.489998,76.050003,76.330002,73.356667,15641700
9/01/17,76.370003,76.849998,76.32,76.57,73.587311,7361100
9/05/17,76.639999,77.360001,76.610001,77.18,74.173561,12784800
9/06/17,77.889999,79.220001,77.580002,78.779999,75.711243,18574400
9/07/17,79.019997,79.330002,78.610001,79.029999,75.9515,9836400
9/08/17,79.010002,79.040001,78.629997,78.82,75.74968,8436000
9/11/17,79.410004,79.419998,78.900002,79.25,76.162926,12955800
9/12/17,79.400002,79.690002,79.239998,79.5,76.403191,7644400
9/13/17,79.5,79.769997,79.379997,79.769997,76.662666,8369700
9/14/17,79.849998,80.230003,79.769997,80.089996,76.9702,9072600
9/15/17,80.120003,80.209999,79.550003,80.07,76.950981,16043700
9/18/17,79.790001,80.139999,79.699997,80.089996,76.9702,8594400
9/19/17,80.059998,80.389999,79.989998,80.220001,77.095146,9277100
9/20/17,80.279999,80.660004,80.260002,80.550003,77.412292,10606900
9/21/17,80.489998,80.529999,79.760002,79.889999,76.777992,11984200
9/22/17,79.720001,80.300003,79.669998,79.919998,76.806824,10205800
9/25/17,80.029999,81,79.980003,80.980003,77.825539,10496600
9/26/17,80.709999,81,80.559998,80.889999,77.739052,8755100
9/27/17,80.889999,81.449997,80.790001,81.43,78.258003,9724500
9/28/17,81.629997,82.449997,81.559998,82.190002,78.988403,15581700
9/29/17,81.940002,82.059998,81.580002,81.980003,78.786591,9944000
10/02/17,81.300003,81.82,81.25,81.629997,78.450203,6777900
10/03/17,81.410004,81.970001,81.300003,81.760002,78.57515,6082000
10/04/17,81.800003,81.870003,81.449997,81.790001,78.603981,6357100
10/05/17,81.720001,82.239998,81.589996,82.019997,78.82502,7375900
10/06/17,81.769997,81.889999,81.360001,81.709999,78.527092,6070600
10/09/17,81.839996,82.18,81.760002,82.029999,78.834625,7489900
10/10/17,82.339996,82.739998,82.089996,82.260002,79.055679,7218500
10/11/17,82.160004,82.739998,82.139999,82.599998,79.382431,7023700
10/12/17,82.309998,82.5,82.169998,82.43,79.219055,6647500
10/13/17,82.730003,83.080002,82.360001,82.410004,79.199837,7180000
10/16/17,82.699997,82.949997,82.540001,82.809998,79.584251,5734000
10/17/17,82.629997,82.970001,82.540001,82.959999,79.728401,6444100
10/18/17,82.959999,83.389999,82.540001,82.760002,79.536194,6367100
10/19/17,82.349998,83.050003,82.330002,82.739998,79.516975,7945500
10/20/17,82.849998,83.129997,82.620003,83.110001,79.872566,9574100
10/23/17,83.150002,83.760002,83.040001,83.239998,79.997505,9829900
10/24/17,83.550003,83.809998,83.309998,83.470001,80.218536,7551200
10/25/17,83.449997,83.730003,82.949997,83.169998,79.930229,9153300
10/26/17,83.370003,83.650002,83.110001,83.470001,80.218536,9154500
10/27/17,83,84.239998,82.010002,83.709999,80.449196,14866200
10/30/17,83.709999,83.949997,83.410004,83.540001,80.285812,7811100
10/31/17,83.650002,83.68,83.169998,83.349998,80.103218,9754200
11/01/17,83.389999,83.940002,83.260002,83.870003,80.602959,9430000
11/02/17,83.599998,83.709999,82.910004,83.529999,80.276199,7775500
11/03/17,83.419998,83.639999,83.160004,83.18,79.939842,6903500
11/06/17,83.300003,83.870003,83.059998,83.75,80.487633,9276700
11/07/17,83.739998,83.82,83.029999,83.580002,80.324265,8471800
11/08/17,83.360001,83.5,82.860001,83.470001,80.218536,8691600
11/09/17,83.300003,84.139999,83.080002,83.970001,80.699059,10528800
11/10/17,83.010002,83.080002,82.419998,82.940002,80.446877,8693700
11/13/17,82.650002,83.089996,82.599998,82.889999,80.398376,6720400
11/14/17,82.419998,82.75,82.089996,82.239998,79.767914,9251700
11/15/17,81.75,82.089996,81.150002,81.209999,78.768883,9663600
11/16/17,80.440002,80.849998,80.150002,80.559998,78.13842,10527200
11/17/17,80.32,80.660004,80.160004,80.239998,77.828033,9536400
11/20/17,80.230003,80.639999,80.010002,80.550003,78.128723,8468600
11/21/17,80.690002,81.25,80.639999,80.870003,78.439102,8838400
11/22/17,81.160004,81.410004,81.050003,81.099998,78.662178,7941600
11/24/17,81.440002,81.699997,81.220001,81.419998,78.972565,3851300
11/27/17,81.32,81.400002,81.019997,81.110001,78.671883,9127500
11/28/17,81.410004,82,81.309998,81.669998,79.21505,9794600
11/29/17,81.650002,82.309998,81.480003,82.269997,79.797012,9725000
11/30/17,82.449997,83.400002,82.410004,83.290001,80.786354,18592700
12/01/17,83.440002,84.129997,82.410004,83.459999,80.951241,13779300
12/04/17,83.209999,84.18,83,83.57,81.057938,12597700
12/05/17,83.410004,83.769997,82.709999,82.889999,80.398376,9357200
12/06/17,82.849998,83.199997,82.209999,82.279999,79.806709,13398900
12/07/17,82.400002,82.620003,82.169998,82.550003,80.068604,11359600
12/08/17,82.489998,82.900002,82.260002,82.660004,80.175301,11988600
12/11/17,83.040001,83.25,82.739998,83.029999,80.534172,8760700
12/12/17,82.889999,83.379997,82.699997,82.760002,80.272285,11307000
12/13/17,82.610001,83.300003,82.480003,83.120003,80.621468,10172700
12/14/17,83.029999,83.330002,82.889999,82.900002,80.408081,9492400
12/15/17,83.160004,83.279999,82.870003,83.029999,80.534172,26582300
12/18/17,83.18,83.669998,82.910004,82.940002,80.446877,9363500
12/19/17,83.029999,83.169998,82.330002,82.440002,79.961906,10285100
12/20/17,82.599998,83.139999,82.519997,82.870003,80.378983,10620300
12/21/17,83.349998,84.269997,82.959999,83.849998,81.329521,13578100
12/22/17,83.879997,84.019997,83.599998,83.970001,81.445915,10065900
12/26/17,83.959999,84.360001,83.900002,83.980003,81.45562,4777200
12/27/17,83.989998,84.099998,83.739998,83.900002,81.378021,7000600
12/28/17,83.980003,84.050003,83.800003,84.019997,81.494408,7495300
12/29/17,84,84.199997,83.639999,83.639999,81.125839,8463500
1/02/18,83.82,85.199997,83.660004,85.029999,82.474052,11469300
1/03/18,85.160004,86.970001,84.82,86.699997,84.093849,13957700
1/04/18,86.790001,87.220001,86.43,86.82,84.210243,10863000
1/05/18,86.75,86.879997,85.709999,86.75,84.142349,11047600
1/08/18,86.699997,87.150002,86.599998,87.139999,84.52063,10927100
1/09/18,86.940002,87.150002,86.650002,86.769997,84.161743,8131600
1/10/18,87,87.190002,85.980003,86.080002,83.492493,10822300
1/11/18,86.360001,87.370003,85.93,86.93,84.31694,14366000
1/12/18,87.199997,87.989998,87.18,87.519997,84.889206,9804900
1/16/18,87.739998,87.760002,86.599998,86.970001,84.355736,10882800
1/17/18,87.199997,88.209999,86.93,88,85.354774,10546000
1/18/18,87.769997,88.190002,87.339996,87.43,84.80191,9223700
1/19/18,87.57,87.760002,86.610001,87.150002,84.530327,13090000
1/22/18,87.169998,88.290001,87.050003,88.25,85.597267,10270400
1/23/18,88.25,88.459999,87.739998,88.300003,85.64576,10281800
1/24/18,88.489998,88.919998,88.010002,88.529999,85.868843,10316100
1/25/18,88.550003,88.870003,88.199997,88.370003,85.713661,11271900
1/26/18,88.639999,89,88.470001,89,86.324715,10514400
1/29/18,88.589996,89.300003,87.949997,88.010002,85.364479,9315700
1/30/18,87.540001,88.379997,86.779999,86.779999,84.171448,12408000
1/31/18,86.559998,87.470001,86.330002,87.300003,84.675819,14404700
2/01/18,87.5,89.25,87.349998,89.07,86.392609,17971000
2/02/18,85.129997,86.010002,83,84.529999,81.989082,29822100
2/05/18,83.279999,83.989998,78.129997,79.720001,77.323662,30452700
2/06/18,78.510002,80.349998,76.900002,78.349998,75.994843,36262800
2/07/18,78.440002,79.410004,76.919998,76.940002,74.627235,21994500
2/08/18,77.440002,77.580002,76.029999,76.07,73.783386,25650800
2/09/18,76.25,76.480003,73.900002,75.779999,74.253716,29491600
2/12/18,77.050003,77.620003,75.839996,76.419998,74.880829,19340400
2/13/18,76.099998,76.75,75.730003,76.300003,74.763245,11926600
2/14/18,75.790001,76.660004,75.169998,76.459999,74.920021,17188400
2/15/18,76.620003,76.699997,75.449997,76.209999,74.675056,14432400
2/16/18,76.150002,77.120003,75.849998,76.540001,74.998413,13722400
2/20/18,76.470001,77.470001,75.459999,75.75,74.224327,13387300
2/21/18,75.82,76.440002,74.870003,74.889999,73.381645,11715000
2/22/18,75.300003,76.839996,75.190002,75.860001,74.332108,14020200
2/23/18,76.089996,77.620003,75.949997,77.529999,75.968475,13378800
2/26/18,77.739998,78.93,77.559998,78.839996,77.252083,16940400
2/27/18,79,79.870003,77.5,77.5,75.939072,14629500
2/28/18,78.160004,78.25,75.699997,75.739998,74.214523,17087800
3/01/18,75.529999,76.68,74.860001,75.199997,73.685394,15696700
3/02/18,74.889999,75.870003,74.480003,75.550003,74.028351,15630300
3/05/18,75.230003,76.559998,75.120003,76.269997,74.733849,14891000
3/06/18,76.669998,76.980003,75.860001,76.18,74.64566,10754300
3/07/18,75,75.239998,73.559998,74.260002,72.764328,27255500
3/08/18,74.5,74.769997,73.690002,74.120003,72.627159,19299800
3/09/18,74.82,75.059998,74.209999,74.559998,73.058289,19714100
3/12/18,74.870003,75.580002,74.690002,75.239998,73.724594,14226700
3/13/18,75.330002,75.82,74.25,74.529999,73.028893,13739700
3/14/18,74.639999,74.790001,73.529999,73.599998,72.117622,14820700
3/15/18,74.349998,75,74.099998,74.419998,72.921104,15640600
3/16/18,74.360001,75.120003,74.360001,75.120003,73.60701,32109700
3/19/18,75,75.010002,73.860001,74.150002,72.656548,12744800
3/20/18,74.220001,74.699997,73.949997,73.989998,72.499771,13003200
3/21/18,74.230003,75.639999,73.980003,75.040001,73.528625,14813800
3/22/18,74.419998,74.699997,73.389999,73.5,72.019638,17737000
3/23/18,73.809998,74.209999,72.669998,72.889999,71.421921,20157300
3/26/18,73.650002,74.150002,72.75,74,72.509567,15032700
3/27/18,74,74.889999,73.279999,73.699997,72.215607,15821900
3/28/18,73.739998,74.010002,72.779999,72.809998,71.343529,18163900
3/29/18,73.330002,74.889999,73.260002,74.610001,73.107285,14882900
4/02/18,74.269997,74.400002,72.160004,73.220001,71.745277,17891100
4/03/18,73.449997,75.139999,73.099998,75.019997,73.509026,15999200
4/04/18,74.050003,75.059998,73.440002,74.870003,73.362045,13122200
4/05/18,75.059998,76.32,75.019997,76.019997,74.488884,14200000
4/06/18,75.639999,76.120003,74.220001,74.870003,73.362045,14299600
4/09/18,75.220001,75.790001,74.800003,74.870003,73.362045,11103100
4/10/18,76.080002,77.769997,76.059998,77.07,75.517738,19006100
4/11/18,77.110001,78.040001,76.75,77.43,75.870483,13734000
4/12/18,77.860001,78.139999,77.010002,77.220001,75.664711,13270400
4/13/18,77.800003,78.190002,77.599998,77.839996,76.272224,10925000
4/16/18,78.120003,79.080002,77.709999,78.540001,76.95813,10743600
4/17/18,78.540001,78.760002,78.040001,78.330002,76.752365,9340700
4/18/18,79.040001,79.760002,78.940002,79.220001,77.624435,12061400
4/19/18,79.32,79.82,78.809998,79.419998,77.820404,11291500
4/20/18,79.32,79.400002,78.330002,79,77.408859,12072200
4/23/18,78.919998,79.599998,78.75,79.57,77.967384,11729800
4/24/18,79.800003,79.93,77.970001,78.349998,76.77195,14102000
4/25/18,78.199997,79.620003,77.489998,79.5,77.898796,13867500
4/26/18,79.599998,80.900002,79.529999,80.860001,79.2314,14554400
4/27/18,76.949997,78.650002,76.480003,77.790001,76.223236,16346800
4/30/18,77.910004,78.559998,77.739998,77.75,76.184036,15028800
5/01/18,77.260002,77.260002,75.980003,76.949997,75.400154,16231000
5/02/18,76.449997,77.230003,76.300003,76.800003,75.253181,13883700
5/03/18,76.389999,76.610001,75.400002,76.540001,74.998413,12243100
5/04/18,76.129997,77.220001,75.940002,76.900002,75.351158,9887200
5/07/18,77.739998,79.080002,77.400002,77.739998,76.17424,15071500
5/08/18,77.800003,78.160004,76.370003,78.089996,76.517189,17430400
5/09/18,78.980003,80.239998,78.949997,79.93,78.320129,17142100
5/10/18,80.639999,81.790001,80.5,81.720001,80.074081,17710300
5/11/18,81.18,81.970001,80.910004,81.279999,80.450203,14751000
5/14/18,81.699997,82.32,81.610001,81.830002,80.994591,11852100
5/15/18,81.849998,82.029999,81.400002,81.790001,80.954994,12595700
5/16/18,81.760002,82.050003,81.169998,82.019997,81.18264,9570000
5/17/18,82.199997,82.279999,81.440002,81.879997,81.044075,11224100
5/18/18,81.550003,81.800003,81.260002,81.300003,80.470001,10030900
5/21/18,81.730003,82.349998,81.519997,82.279999,81.439987,8822400
5/22/18,82.440002,82.650002,81.349998,81.639999,80.806526,10753400
5/23/18,80.949997,82.230003,80.57,82.150002,81.311317,15140900
5/24/18,81.349998,81.360001,79.949997,80.269997,79.450508,13360500
5/25/18,79.279999,79.330002,78.089996,78.709999,77.906441,14562000
5/29/18,78.150002,78.730003,77.529999,78.419998,77.6194,14644800
5/30/18,79.25,81.660004,79.220001,81.5,80.667953,16627500
5/31/18,80.809998,81.550003,80.690002,81.239998,80.410606,15803100
6/01/18,81.870003,82.349998,81.550003,81.830002,80.994591,9906100
6/04/18,82.050003,82.529999,80.809998,80.970001,80.143364,10954700
6/05/18,80.589996,81.650002,80.410004,80.68,79.856323,12059300
6/06/18,81.480003,82.089996,80.870003,82.059998,81.222237,11603300
6/07/18,82.730003,83.290001,82.559998,82.879997,82.033867,13502500
6/08/18,83.110001,83.660004,82.5,83.599998,82.746513,14350400
6/11/18,83.720001,83.790001,82.93,83.099998,82.251617,10831600
6/12/18,83.110001,83.75,82.32,82.419998,81.57856,12351800
6/13/18,82.440002,82.599998,81.470001,81.510002,80.677856,12049300
6/14/18,81.940002,82.300003,81.5,81.889999,81.05397,11477300
6/15/18,81.720001,81.82,80.510002,80.660004,79.836533,23797500
6/18/18,80.400002,81.379997,80.300003,80.82,79.994896,9192600
6/19/18,79.889999,80.959999,79.709999,80.699997,79.876122,8759700
6/20/18,80.849998,81.129997,80.269997,80.449997,79.62867,8917700
6/21/18,80.019997,80.379997,79.330002,79.690002,78.876434,10990700
6/22/18,81.160004,81.940002,80.919998,81.379997,80.549179,16012200
6/25/18,80.779999,81.239998,79.300003,79.739998,78.925919,10557200
6/26/18,80.150002,81.010002,79.970001,80.639999,79.816734,10382800
6/27/18,81.059998,82.480003,81.059998,81.709999,80.875809,12725900
6/28/18,81.730003,82.07,81.029999,81.970001,81.133156,9390700
6/29/18,82.449997,83.540001,82.290001,82.730003,81.885399,17323200
7/02/18,81.889999,82.129997,81.32,81.760002,80.925301,9998300
7/03/18,82.580002,83.449997,82.080002,82.239998,81.400398,7197300
7/05/18,82.589996,82.769997,82.050003,82.309998,81.469681,9035700
7/06/18,81.959999,82.699997,81.660004,82.330002,81.489487,7637100
7/09/18,82.809998,83.129997,82.559998,82.900002,82.053665,7158600
7/10/18,83.699997,84.120003,83.510002,83.660004,82.805908,8806200
7/11/18,83.029999,83.529999,82.029999,82.589996,81.746826,10405300
7/12/18,83.010002,83.239998,82.309998,82.690002,81.84581,9762200
7/13/18,82.68,83.75,82.559998,83.309998,82.459473,8720000
7/16/18,82.519997,82.790001,82,82.489998,81.647842,8306900
7/17/18,82.260002,82.75,82.040001,82.309998,81.469681,7373300
7/18/18,81.800003,82.32,81.489998,82.220001,81.380608,8711900
7/19/18,82.199997,82.620003,81.720001,82.010002,81.172752,8659100
7/20/18,81.720001,81.93,81.25,81.400002,80.568977,9196300
7/23/18,81.949997,82,81.18,81.400002,80.568977,8425900
7/24/18,81.519997,83.019997,81.480003,83.010002,82.162544,11121000
7/25/18,83.010002,83.739998,82.510002,83.589996,82.73661,9523600
7/26/18,83.830002,84.400002,83.370003,84.239998,83.379982,13210100
7/27/18,80.970001,82.379997,80.809998,81.919998,81.083664,18220800
7/30/18,82.129997,82.129997,80.709999,81.739998,80.905502,11282800
7/31/18,81.639999,82.150002,81.440002,81.510002,80.677856,11716800
8/01/18,80.889999,80.93,80.220001,80.389999,79.56929,8936300
8/02/18,79.889999,80.260002,79.449997,79.910004,79.094193,8364300
8/03/18,79.970001,80.300003,79.629997,80.199997,79.381226,7811100
8/06/18,80.25,80.43,79.739998,80.18,79.361435,10041800
8/07/18,80.910004,81.589996,80.309998,81.269997,80.4403,10698100
8/08/18,81.019997,81.230003,80.349998,80.730003,79.905823,7275000
8/09/18,80.730003,80.910004,80.110001,80.32,79.5,9826800
8/10/18,79.510002,79.519997,78.860001,79.419998,79.419998,12954300
8/13/18,79.449997,79.75,78.43,78.559998,78.559998,10308500
8/14/18,78.989998,79.07,78.080002,78.309998,78.309998,8005900
8/15/18,77.779999,77.900002,76.510002,76.940002,76.940002,16307800
8/16/18,77.279999,78.099998,77.199997,78,78,11519900
8/17/18,78.339996,78.489998,77.800003,78.260002,78.260002,10178400
8/20/18,78.260002,79,78.169998,78.809998,78.809998,8152100
8/21/18,79.050003,79.580002,78.669998,78.830002,78.830002,9192200
8/22/18,79.110001,80.050003,79.019997,79.959999,79.959999,10098200
8/23/18,79.559998,79.629997,78.900002,79.080002,79.080002,7203900
8/24/18,79.519997,80.050003,79.419998,79.620003,79.620003,6545200
8/27/18,79.910004,80.470001,79.860001,80.400002,80.400002,6671900
8/28/18,80.580002,80.82,80.199997,80.279999,80.279999,8823400
8/29/18,80.440002,81.040001,80.099998,80.860001,80.860001,8004800
8/30/18,80.449997,80.779999,80.120003,80.510002,80.510002,7450900
8/31/18,80.239998,80.459999,79.769997,80.169998,80.169998,10700000
9/04/18,80.410004,80.690002,79.809998,80.290001,80.290001,8855000
9/05/18,79.900002,81.43,79.599998,81.360001,81.360001,13878400
9/06/18,81.110001,81.639999,80.339996,80.459999,80.459999,13320600
9/07/18,80.150002,81.93,79.82,81.830002,81.830002,16417800
9/10/18,82.239998,82.739998,81.660004,81.709999,81.709999,10817900
9/11/18,81.959999,83.190002,81.629997,82.860001,82.860001,11891900
9/12/18,83.25,83.779999,82.870003,83.129997,83.129997,11556300
9/13/18,83.150002,83.25,82.010002,82.32,82.32,11162700
9/14/18,82.419998,83.150002,82.269997,82.919998,82.919998,9442600
9/17/18,83,83.610001,82.989998,83.410004,83.410004,8403300
9/18/18,83.900002,84.129997,83.449997,83.629997,83.629997,9219900
9/19/18,83.639999,84.769997,83.639999,84.629997,84.629997,10413600
9/20/18,84.860001,85.339996,84.540001,84.82,84.82,11198200
9/21/18,85.010002,85.43,84.519997,85.169998,85.169998,26639400
9/24/18,85.790001,87.089996,85.720001,86.599998,86.599998,13549500
9/25/18,87.029999,87.360001,86.370003,86.5,86.5,12200700
9/26/18,86.019997,86.5,85.690002,85.779999,85.779999,10275500
9/27/18,86.089996,86.379997,85.589996,85.769997,85.769997,7895400
9/28/18,85.25,85.93,84.989998,85.019997,85.019997,9712100
