196307,0.85,0.15,0.67,0.11,-1.33,-1.87,0.29,-0.85,-1.9,-1.19,-1.84,-1.83,-0.85,-2.15,-1.8,-0.81,-1.58,-2.17,-1.83,-1.86,0.15,0.48,1.17,-0.45,-1.11
196308,3.8,2.12,0.99,2.39,4.63,5.4,4.65,4.5,4.33,8.23,5.36,4.62,5.52,4.69,5.15,5.58,4.83,6.15,7.02,5.34,5.77,4.27,4.65,8.16,6.25
196309,-2.7,0.3,-1.22,-1.59,-0.37,-3.92,-1.57,-0.55,-1.12,-2.91,-4.64,-1.6,-0.62,-0.05,-1.82,-2.58,-1.92,-1.99,-3.37,-1.99,-1.38,-0.74,-0.98,-0.12,-3.81
196310,1.36,-0.54,1.24,0.09,2.36,1.2,4.3,2.31,2.17,3.94,2.26,0.51,2.69,1.72,1.07,-0.26,0.78,2.41,4.65,0.63,5.35,1.71,-0.23,2.36,0.48
196311,-3.1,-4.15,-1.53,-1.02,-1.07,-4.17,-1.76,-0.76,-0.08,-0.1,-2.92,-1.53,-0.86,-1.19,-1.21,-0.99,-0.91,-0.41,0.81,3.51,-1.29,1.01,-1.57,-2.05,1.34
196312,-2.94,-0.36,-0.76,-1.66,-1.04,-0.68,-0.91,1.08,0.98,0.13,0.61,1.14,1.56,1.36,0.47,-0.16,1.5,1.39,2.56,6.14,2.57,2.3,2.26,2.39,2.37
196401,3.94,2.96,4.27,4.13,4.87,-1.78,-0.61,3.6,1.52,4.21,0.51,0.61,2.46,3.86,3.21,-0.34,1.74,1.37,3.35,3.32,3.1,3.19,1.85,2.11,1.41
196402,3.13,2.51,2.17,0.31,4.53,1.62,1.74,2.52,2.02,6.09,0.31,2.8,1.85,3.48,4.01,2.69,1.18,3.32,7.58,4.6,1.83,0.52,1.02,3.86,3.96
196403,0.63,1.28,2.11,3.55,2.77,2.31,3.25,3.61,5.71,6.13,-0.64,2.62,4.6,5.03,6.72,1.87,2.64,5.68,6.37,0.75,1.19,0.7,3.93,4.01,-0.38
196404,-1.7,2.42,-0.21,-0.87,-1,-0.75,-4.04,0.5,-1.48,-0.61,-2.01,-1.13,0.26,-0.76,-1.02,-2.67,0.76,1.47,-1.33,-2.26,0.27,1.53,0.65,-1,2.83
196405,-1.4,-0.93,0.38,0.34,1.54,3.11,0.35,2.86,1.83,3.77,-0.47,1.5,-0.37,1.37,2.49,1.18,2.32,1.31,1.92,4.1,2.05,0.34,1.24,4.23,3.48
196406,1.91,0.25,1.65,0.81,1.11,0.9,1.69,1.5,1.16,2.18,0.88,2.22,2.41,2.31,1.24,1.16,1.21,1.41,2.28,3.09,0.93,2.87,0.41,1.37,2.45
196407,0.84,3.85,3.24,2.64,4.74,1.06,1.6,4.17,3.14,2.45,2.42,2.58,3.12,3.19,1.24,1.58,3.63,1.74,1.6,3.04,2.56,0.64,3.95,1.79,0.81
196408,1.21,-1.9,-1.75,-0.92,-0.49,-1.79,-2.56,-1.09,0.08,-1.66,-2.83,-0.76,0.5,-0.15,-2.02,-1.09,0.35,1.28,-0.02,-0.66,-1.25,-1.61,-0.11,-0.86,-2.97
196409,4.6,4.05,5.87,2.74,3.99,3.54,2.28,2.54,2.09,4.54,1.39,1.94,3.19,3.26,3.71,3.15,3.05,4.26,4.66,4.27,3.09,1.25,4.58,4.59,7.12
196410,1.88,0.35,2.55,2.19,3.38,-1.48,1.85,2.11,1.23,1.48,3.45,3.47,1.79,1.32,2.72,1.03,1.08,1.2,2.99,3.76,0.34,1.13,0.32,0.38,4.12
196411,-0.15,-0.4,0.68,0.74,0.58,-0.69,-0.22,0.05,-0.58,-1.82,1.5,0.46,-0.07,0.48,0.17,0.71,1.42,-0.98,-0.6,-4.73,1.06,-0.34,1.48,-1.35,-4.47
196412,-1.53,-1.37,-2.33,-2.61,-1.93,1.43,0.07,0.74,-1.59,-1.54,0.01,0.91,-0.44,-1.8,-0.89,1.07,0.14,-1.53,-1.21,-1.33,0.83,1.4,-1.12,-1.18,-1.3
196501,8.79,5.83,5.92,7.21,8.91,7.66,6.05,5.38,5.71,6.47,5.25,6.23,5.3,5.88,6.97,6.58,3.98,5.39,4.94,6.81,4.7,1.16,3.04,3.61,3.69
196502,1.77,1.05,2.59,3.07,3.45,3.41,4.06,3.68,3.35,3.79,3.8,4.91,4.74,2.9,3.36,1.41,3.36,3.73,2.9,1.66,0.13,-0.08,0.14,-0.4,-1.24
196503,1.79,2.72,1.27,2.31,3.25,2.02,-1.31,0.77,1.4,0.57,-0.11,-0.36,-0.36,1.56,0.64,-0.71,-0.32,-0.25,0.45,1.83,-1.3,-1.66,-1.7,-0.6,0.33
196504,4.6,4.88,5.21,4.06,4.44,0,4.67,4.46,4.67,5.01,2.75,2.99,4.29,3.41,6.82,2.89,3.1,4.69,4.41,2.13,4.59,1.89,2.16,2.15,4.61
196505,-0.4,-2.33,-1.53,-0.42,-1.15,1.24,-1.31,-0.85,-0.35,-2.17,-0.43,0.35,-1.48,-0.8,-0.62,-0.97,-0.09,-1.39,-0.39,-3.39,-0.74,0.89,-0.2,-0.59,-3.37
196506,-12.23,-10.7,-9.46,-7.97,-9.52,-10.34,-8.34,-9.01,-8.43,-8.13,-6.74,-9.26,-8.44,-8.49,-8.36,-6.54,-6.61,-7.76,-8.58,-8.42,-4.43,-3.65,-4.98,-3.64,-5.6
196507,2.37,3.83,3.22,2.37,4.24,3.83,1.28,2.78,3.69,4.35,1.1,4.51,2.49,4.39,4.73,2.71,3.09,4.05,2.93,6.42,1.52,0,1.84,3.74,4.82
196508,2.6,5.39,5.46,3.87,3.91,7.58,3.9,4.75,4.53,4.06,7.73,5.17,7.54,3.54,6.24,4.13,3.54,5.44,3.06,4.88,3.27,1.3,3.58,1.13,2.16
196509,3.01,7.11,0.85,4,3.08,5.51,3.49,3.07,4.74,2.78,2.44,4.55,2.47,5.15,4.6,3.73,3.5,1.75,2.7,4.05,3.93,2.3,2.59,3.51,3.21
196510,5.82,8.96,6.41,5.63,8.99,4.84,5.84,3.93,5.53,5.36,4.69,4.96,5.78,5.36,5.34,4.22,2.51,3.3,4.17,8.65,3.13,0.21,3.12,4.42,5.22
196511,3.68,6.32,3.04,7.91,6.52,1.4,5.36,4.27,5.39,4.16,3.92,3.51,5.33,2.84,2.75,3.39,2.21,3.82,1.4,5.64,-0.29,-1.82,1.27,-1.28,-2.31
196512,6.55,6.87,2.91,4.02,4.84,3.69,4.98,4.25,2.52,6.87,2.52,1.44,3.65,1.99,5.5,1.19,1.34,1.26,4.47,5.52,1,-0.22,1.33,2.8,2.71
196601,6.19,6.66,7.85,9.32,9.48,4.51,5.4,5.29,5.08,6.62,4.6,2.58,2.75,4.7,6.28,0.63,1.49,5.02,4.27,6.22,-0.37,-0.57,1.71,3.05,3.17
196602,6.44,6.27,1.36,4.74,5.97,5.13,5.28,1.91,-0.1,3.42,-0.04,1.99,4.17,2.63,2.63,2.3,-2.16,0.76,0.49,2.52,-1.33,-2.3,-1.69,-1.97,-1.71
196603,0.32,-0.93,-1.63,-0.9,-1.11,0.41,-1.85,-2.09,-3.58,-1.75,-1.63,-4.75,-2.21,-3.49,-3.76,-0.09,-2.23,-3.5,-2.67,-2.88,-1.5,-3.46,-1.16,-2.16,-5.07
196604,10.06,4.34,6.15,6.77,3.68,3.11,5.19,3.67,7.65,8.59,3.51,4.18,3.17,4.1,2.84,4.02,1.75,3.79,4.65,1.1,2.09,2,1.28,2.4,1.78
196605,-12.34,-12.81,-10.8,-10.59,-11.6,-9.86,-10.11,-8.87,-9.87,-9.04,-5.74,-7.35,-7.88,-10.04,-9.73,-5.1,-5.04,-7.18,-8.61,-10.51,-4.22,-3.94,-4.73,-5.5,-5.47
196606,-0.95,-0.1,0.86,1.69,0.3,1.49,0.36,0.27,-0.67,0.22,-0.31,-0.29,2.51,-0.25,-0.73,-1.07,-1.45,-0.18,3.79,0.84,-1.99,-1.49,-0.66,0.86,-1.22
196607,-1.99,-1.96,-2.44,0.07,-1.04,-3.51,-0.94,-1.11,-1.63,-1.69,-0.97,-1.85,-0.78,-1.09,-1.28,-1,-1.37,-1.91,-2.63,-1.91,-1.69,-1.47,-0.78,1.15,-1.4
196608,-11.66,-10.86,-9.88,-10.78,-10.43,-13.21,-10.24,-9.55,-9.75,-10.91,-10.58,-8.72,-8.12,-9.79,-8.78,-9.36,-7.67,-7.89,-6.91,-10.12,-7.19,-8.28,-5.56,-6.83,-7.81
196609,-1.69,-2.34,-1.59,-1.9,-1.19,-2.02,0.84,-2.19,-1.87,-2.09,-2.26,-4.6,0.27,-0.49,-1.09,-0.93,0.15,-1,-3.21,-0.02,-1.31,0.89,0.33,0.82,-1.79
196610,-7.96,-4.68,-4.57,-0.97,-1.48,-5.63,-0.44,-0.93,0.19,-0.21,-2.05,1.64,3.2,4.81,1.65,0.38,4.97,3.74,3.94,1.48,2.92,5.91,8.87,6.8,6.27
196611,8.72,3.07,4.65,2.21,3.69,7.73,2.71,7.61,1.75,2.66,9.82,6.74,1.08,4.62,0.49,8.36,1.28,1.29,1.92,1.11,3.66,1.14,-2.56,-1.29,-0.68
196612,4.16,2.5,2.5,0.93,0.12,4.74,3.04,1.07,2.1,0.71,3.04,3.35,0.81,3.09,-0.48,3.17,2.31,1.59,3.68,2.19,-0.87,0.03,1.53,-0.07,-0.32
196701,19.43,21.26,19.41,20.17,17.57,16.97,16.04,18,17.36,20.43,17.19,13.82,12.46,13.35,14.37,9.81,6.68,10.45,10.96,13.33,7.76,7.11,5.16,7.58,14.16
196702,7.23,5.61,5.36,4.56,5.95,3.23,1.98,2.52,2.95,1.63,1.89,1.95,1.87,0.77,0.85,2.87,-0.41,-0.19,1.09,0.4,2.28,0.88,-0.78,-1.16,-1.31
196703,7.04,6.24,4.97,7.48,5.23,6.89,5.9,7.4,6.45,6.24,5.6,5.56,4.65,7.74,4.32,5.7,4.27,5.76,4.48,5.71,4.25,2.92,3.44,4.57,5.53
196704,6.74,4.5,3.31,4.01,3.62,3.22,3.64,5.2,3.82,3.32,5.52,4.46,3.16,5.47,2.92,6.7,2.98,4.27,3.33,3.24,6.93,3.04,0.32,3.1,1.86
196705,0.35,0.87,-1.15,-0.92,-0.6,-1.25,0.78,0.31,-2.57,-3.52,-3.15,-1.57,-1.79,0.08,-1.79,-2.27,-0.55,-2.11,-1.36,-0.58,-5.65,-3.96,-4.28,-3.62,-3.49
196706,15.74,9.72,12.01,12.2,10.11,10.23,6.19,7.3,9.5,5.89,4.8,8.21,4.02,4.54,3.68,3.01,2.3,3.73,6.73,6.36,1.4,0.64,1.76,2.98,2.88
196707,9.49,9.93,9.63,7.02,12.03,6.17,6.82,9.5,9.53,8.25,5.38,5.17,5.93,7.19,11.37,4.71,4.8,5.15,7.14,9.13,4.46,5.62,2.15,6.12,6.46
196708,-0.85,0.76,0.32,0.38,2.1,-1.18,-1.31,0.68,0.4,1.1,-3.03,1.06,1.22,1.22,-0.3,-0.93,-0.92,-0.64,1.11,3.93,-0.6,-0.98,-1.43,0.29,1.33
196709,11.28,9.78,8.32,7.62,4.87,5.12,5.89,7.07,5.5,3.12,5.66,2.28,2.78,4.64,2.67,3.54,1.56,2.42,3.47,0.41,3.85,3.15,3.3,1.76,0.25
196710,1.96,-4.06,-1.89,-1.72,-2.76,-0.77,-2.26,0.64,-2.53,-5.06,-3.5,-1.3,-3.34,-2.82,-2.43,-4.87,-5.18,-5.49,-2.55,-5.18,-0.26,-3.89,-2.87,-6.24,-6.51
196711,-1.05,3.57,-1.09,-1.18,-1.26,1.08,0.58,2.44,0.21,0.12,2.69,0.61,0.66,-0.27,-0.92,3.31,0.54,0.05,-0.1,-0.55,1.27,0.4,0.14,-0.45,0.06
196712,13.22,10.68,8.73,9.99,9.86,12.39,6.28,8.87,7.22,9.12,7.69,6.09,5.63,5.69,7.1,1.66,2.51,4.21,4.53,4,2,3.04,2.26,5.76,2.79
196801,3.19,2.54,2.96,3.37,6.07,-4.56,-2.15,-0.51,1.13,2.55,-6.86,-1.02,-0.66,-0.73,2.78,-7.98,0.48,-3.06,0.15,-0.73,-6.24,-5.7,0.56,-2.75,-3.84
196802,-10.12,-7.03,-5.35,-7.36,-5.21,-6.72,-6.23,-8.92,-3.33,-5.64,-6.88,-3.95,-2.69,-2.41,-4.57,-5.44,-3.34,-2.63,-4.99,-4.23,-2.97,-2.22,-2.08,-3.35,-1.9
196803,-1.52,-0.02,-0.31,-2.18,0.01,-0.38,-1.94,-0.17,-1.14,-0.64,2.01,-0.38,-2.33,0.73,-0.18,0.22,-0.1,-1.33,0.22,0.02,3.07,-1.39,-0.23,-1.7,2
196804,21.57,17.79,16.25,16.63,15.29,18.97,12.89,17.72,12.23,12.65,16.13,11.38,8.14,10.69,17.79,12.67,7.22,8.63,12.06,11.52,10.74,7.29,3.42,9.62,10.48
196805,10.37,12.76,10.52,11.8,11.86,11.9,7.71,7.83,7.58,7.01,8.79,4.67,4.86,4.89,6.99,4.47,4.54,2.74,2.78,6.28,2.27,1.27,-0.77,-0.98,4.66
196806,-1.24,-0.12,1.69,1.69,0.39,-1.14,1.73,-1.36,1.52,0.29,-2,2.85,3.4,1.93,1.41,-0.13,4.3,3.72,2.88,-2.49,-0.09,0.65,4.25,3.02,-1.59
196807,-4.84,-4.68,-3.33,-1.55,0.74,-8.87,-4,-1.9,-0.11,-0.33,-5.91,-3.66,-3.74,-0.76,-0.19,-5.47,-3.56,-3.66,-1.35,-2.21,-5.32,-0.91,2.58,0.91,1.15
196808,4.41,5.89,4.22,4.79,4.62,1.57,3.39,3.78,1.44,7.18,2.98,3.08,3.12,2.18,4.96,1.87,1.22,2.01,1.93,3.18,0.94,1.11,1.91,1.65,2.75
196809,7.14,8.5,6.8,5.94,6.18,7.09,6.35,7.23,5.85,6.19,7.5,6.22,3.23,6.16,6.38,6.54,6.06,5.24,6.36,5.69,1.95,5.33,2.5,4.2,8.15
196810,-1.88,0.03,1.49,0.49,1.8,-0.3,0.72,2.02,2.06,0.84,-0.21,2.56,3.02,2.67,0.8,-0.32,0.5,2.25,0.81,2.52,-1.84,2.26,1.98,3.69,1.11
196811,6.53,7.58,6.28,6.67,6.99,10.08,9.1,7.83,9.3,5.92,8.36,7.07,8.07,9.43,7.72,6.84,7.91,7.18,7.13,8.48,6.37,2.61,5.93,4.56,3.76
196812,4.46,2.2,0.71,-0.42,0.56,-0.1,0.6,-1.43,-3.33,-3.49,-2.61,-3.97,-1.27,0.16,-2.85,-3.97,-4.52,-3.79,-1.42,-0.52,-5.28,-4.4,-2.99,-3.44,-2.97
196901,-0.77,-2.06,-2.35,-1.32,-1.35,-2.69,-1.03,-1.36,1.31,0.56,-3.38,-1.1,-0.83,-0.83,-1.21,-2.1,0.31,0.03,-0.61,1.28,-2.3,-0.28,0.72,-0.35,1.64
196902,-12.45,-10.69,-8.94,-8.82,-8.54,-11.05,-8.07,-4.57,-7.62,-7.48,-9.39,-8.32,-6.1,-7,-5.78,-8.14,-7.54,-4.8,-7.41,-8.8,-3.34,-3.18,-4.93,-4.58,-6.35
196903,3.21,2.56,3.36,4.27,2.29,4.22,1.67,2.23,0.59,5.22,1.98,2.39,0.6,2.73,2.71,4.77,-2.15,2.89,1.45,3.52,4.12,3.31,3.9,1.89,5.02
196904,1.25,-0.53,0.97,2.52,0.06,1.56,1.16,1.1,-0.34,4.58,2.31,0.04,0.35,1.99,0.47,2.75,2.35,0.67,-1.45,2.12,3.69,1.27,0.88,3.01,0.93
196905,0.81,0.94,0.75,0.87,0.31,-1.95,-1.5,-0.78,-0.3,0.5,0.05,0.43,1.25,1.55,-1.86,-0.27,-0.95,2.46,0.33,-2.31,-0.54,0.87,0.67,1.43,0.64
196906,-14.3,-12.83,-13.3,-12.79,-12.1,-12.16,-11.02,-9.14,-10.39,-11.06,-10.29,-9.37,-11.26,-9.75,-9.02,-7.11,-8.74,-8.05,-7.38,-8.34,-1.54,-6.71,-7.8,-6.62,-8.62
196907,-13.26,-11.1,-11.12,-10.35,-7.92,-10.6,-9.86,-8.44,-6.6,-8.37,-9.98,-10.77,-6.48,-6.14,-7.62,-6.63,-8.17,-7.1,-5.54,-6.68,-4.02,-5.7,-6.19,-8.16,-5.64
196908,4.86,4.83,5.21,3.18,2.76,7.19,6.54,3.9,3.4,2.66,9.64,8.48,7.01,2.55,5.6,9.92,5.61,4.72,3.58,2.37,7.01,4.8,3.93,4.43,1.95
196909,-2.83,-4.89,-5.08,-2.28,-3.45,1.31,-0.71,-1.77,-0.92,-1.42,0.14,0.07,-1.53,-2.89,-3.61,0.58,-1.61,-2.29,-2.96,-3.77,-0.49,-2.08,-2.68,-5.69,-4.61
196910,14.58,12.37,9.14,7.94,6.33,10.91,8.22,7.05,6.02,6.96,9,6.78,7.38,8.23,6.88,8.95,7.66,7.89,6.21,5.35,5.98,5.67,4.24,2.2,3.77
196911,-8.61,-7.47,-6.16,-5.98,-7.38,-3.48,-5.66,-3.13,-5.13,-5.32,-4.67,-4.36,-6.65,-3.52,-5.54,-2.13,-3.81,-3.26,-5.3,-6.18,-1.4,-3.38,-3.8,-4.51,-1.97
196912,-8.12,-7.65,-5.78,-8.26,-8.64,-4.04,-5.95,-7.37,-6.01,-5.88,-3.09,-1.63,-4.16,-4.92,-5.09,0.42,-4.31,-1.91,-1.78,-3.42,1,-1.76,-1.44,-1.8,-5.3
197001,-4.31,-3.93,-4.25,-2.42,0.1,-6.93,-6.41,-1.88,-3.94,-1.79,-9.65,-6.49,-8.01,-4.08,-3.4,-7.93,-11.43,-7.56,-6.16,-5.39,-8.51,-6.88,-8.25,-9.67,-4.37
197002,2.26,3.54,3.79,3.13,4.27,2.97,2.9,2.45,8.59,7.03,4.19,2.11,5.82,5.76,7.36,4.31,5.01,6.42,8.9,6.69,3.58,5.83,8.88,6.9,8.08
197003,-6.33,-4.95,-2.61,0.34,-1.27,-6.07,-2.94,0.06,-0.31,0.72,-3.84,-0.51,-1.2,1.94,1.08,-4.14,0.24,1.18,0.9,2.93,-2.45,0.25,2.96,0.65,1.67
197004,-24.26,-18.71,-14.78,-12.77,-11.91,-22.09,-17.19,-14.39,-11.2,-11.1,-20.51,-13.86,-13.38,-8.79,-10.8,-15.67,-15.02,-9.64,-9.65,-9.35,-10.52,-8.06,-9.09,-6.98,-8.05
197005,-10.03,-10.16,-9.14,-7.82,-10.42,-12.67,-8.46,-10.49,-8.23,-8.12,-11.16,-10.8,-13.14,-7.02,-7.56,-10.98,-9.87,-7.49,-7.43,-8.21,-8.03,-5.77,-5.08,-0.03,-4.03
197006,-12.23,-8.91,-7.11,-8.17,-5.94,-10.42,-6.86,-7.9,-7.2,-6.05,-8.51,-4.04,-7.04,-4.73,-6.98,-2.49,-5.56,-3.48,-3.14,-9.86,-6.24,-4.22,-3.67,-2.07,-8.31
197007,5.12,5.08,5.2,6.69,3.66,6.92,7.53,5.2,10.66,7.8,7.95,6.37,9.55,5.52,6.92,6.08,9.48,8.56,9.06,11.02,4.5,8.19,9.02,10.63,6.14
197008,5.49,6.42,6.76,6.73,6.39,9.75,9.21,6.31,7.56,4.54,5.75,7.8,6.62,5.27,6.97,4.39,8.3,3.67,4.93,6.84,4.08,5.22,4.41,4.86,6.2
197009,21.95,16.61,16.04,11.64,11.85,18.09,18.51,10.59,7.09,9.58,15.28,9.89,9.06,5,6.16,9.51,6.22,4.85,3.96,7.83,7.09,0.41,-0.22,0.26,4.36
197010,-11.11,-7.28,-11.1,-6.23,-4.94,-4.47,-7.94,-6.08,-3.95,-4.39,-5.71,-4.37,-6.14,-2.58,-3.61,-2.53,-3.48,-3.47,-3.32,-6.29,-0.13,-1.02,-3.58,0.18,-3.77
197011,-4.62,-2.16,-2.04,0.37,0.3,0.83,1.3,2.91,5.59,3.85,2.91,3.21,4.53,5,2.06,4.88,2.98,6.28,8.91,4.58,5.11,6.83,5.04,5.9,5.65
197012,6.98,7.62,10.45,11.58,10.8,8.68,8.23,8.42,9.33,9.47,6.06,9.71,10.62,7.94,8.05,6.04,10.64,8.55,9.46,7.82,4.75,5.73,7.7,5.04,6.97
197101,15.06,13.81,16.15,14,15.92,7.54,13.04,12.86,10.97,12.69,8.33,8.55,11.05,7.77,7.83,5.31,7.05,5.09,8,13.97,4.02,4.39,3.29,2.91,4.01
197102,8.08,7.34,5.79,3.32,4.03,4.01,3.63,2.68,1.61,0.89,3.99,1.79,2.41,1.21,1.79,3.73,2.87,0.4,3.22,1.09,2.31,0.45,0.62,0.49,1.23
197103,8.01,4.84,8.07,6.63,5.02,7.95,6.74,5.55,4.41,1.38,10.39,9.31,3.47,3.24,5.16,6.73,6.19,4.66,2.25,3.75,5.71,2.8,4.83,1.52,2.5
197104,0.84,3.39,1.9,2.67,1.79,2.23,2.49,2.46,3.39,6.94,6.27,4.49,4.92,2.08,5.97,3.14,3.03,1.88,3.45,9.31,3.52,5.84,0.68,2.62,6.12
197105,-6.54,-5.03,-7.29,-4.88,-6.27,-3.46,-5.51,-5.34,-4.23,-4.46,-4.52,-2.66,-4.92,-3.66,-3.5,-2.06,-3.47,-4.29,-2.98,-4.4,-2.46,-4.37,-4.1,-5.07,-3.65
197106,-0.55,-3.61,-2.59,-1.04,-1.94,4.03,-2.3,0.34,-1.85,-3.36,-1.61,1.81,-1.44,-1.9,-1.61,1.33,1.12,2.26,1.05,-4.03,1.18,-1,-0.33,0.87,-0.26
197107,-8.56,-8.21,-7.34,-5.9,-5.93,-6.37,-4.82,-4.13,-6.52,-5.74,-8.02,-4.51,-3.02,-5.26,-6.17,-3.48,-4.28,-3.77,-4.13,-7.93,-3.9,-4.35,-3.15,-3.43,-5.18
197108,3.31,4.36,2.96,4.45,5.72,3.87,7.23,3.67,5.97,7.61,6.55,4.78,1.95,7.18,8.56,6.91,4.21,2.32,3.48,9.13,5.33,4.96,-1.12,2,13.29
197109,1.38,2.01,-0.06,-0.58,-2.42,2.17,-1.17,-1.97,-1.65,-2.82,1.13,0.36,-0.9,-1.07,-3.46,1.87,-0.82,-0.49,-0.11,-4.87,0.28,-1.22,-1.25,-1.43,-2.26
197110,-7.72,-6.85,-7.22,-4.34,-7.26,-5.89,-5.41,-3.41,-4.34,-6.66,-7.98,-6.28,-3.01,-4.51,-5.85,-3.34,-3.16,-2.38,-5.53,-6.89,-3.54,-6.08,-2.99,-2.74,-4.38
197111,-3.36,-5.71,-3.96,-4.45,-5.53,-1.64,-2.5,-1.62,-2.61,-2.68,-1.92,-1.06,-0.89,-4.62,-5.36,0.49,-2.01,-2.44,0.54,-4.47,1.05,0.76,0.16,-0.53,-0.32
197112,14.61,13.87,10.91,11.75,13.28,12.98,13.91,13.05,11.08,12.66,14.11,9.57,10.05,11.68,13.03,12.18,9.71,9.01,7.89,12.93,8.38,9.81,8.55,6.92,9.26
197201,13.06,13.37,11.17,11.01,14.87,9.51,6.32,5.92,6.61,10.7,6.06,3.93,2.79,6.02,8.26,2.87,1.86,1.62,3.13,7.58,2.69,0.67,-0.73,0.81,6.25
197202,2.95,5.13,3.9,4.5,3.52,5.17,4.31,4.3,1.63,4.07,6.88,3.9,2.39,-0.42,1.67,5.65,1.68,0.24,2.05,0.36,4.65,2.38,1.27,0.3,-0.49
197203,2.93,-0.07,-1.94,-1.43,-0.49,2.06,1.55,-0.95,0,-1.59,2.44,1.19,2.03,0.18,-1.73,1.12,-0.29,2.88,1.71,0.7,2.56,0.42,-3.07,-1.95,3.1
197204,-1.22,0.51,-1.27,1.55,1,-0.16,0.64,2.29,2.09,1.67,1.59,-0.66,-0.37,0.99,0.64,-0.68,-0.84,-0.17,1.15,3.85,0.97,1.22,0.36,0.1,-1.36
197205,-1.43,-1.43,-4.35,-2.14,-2.3,-0.56,-1.58,-1.95,-3.42,-1.48,1.22,-1.77,0.56,-1.03,-3.52,3.5,-1.49,-1.55,-0.18,-0.09,3.24,-0.55,2.94,1,-3.25
197206,-4.25,-4.77,-3.65,-3.03,-3.67,-4.57,-1.94,-1.57,-1.42,0.72,-0.12,-1.71,-4.07,-4.3,-5.91,-4.25,-1.78,-2.24,-4.42,-7.6,-0.7,-3.4,-2.62,-2.3,-6.07
197207,-7.09,-4.79,-4.2,-3.38,-2.8,-5.27,-4.78,-3.41,-1.95,-3.81,-3.25,-1.46,-3.37,-0.54,-1.05,-3.53,-4.21,-2.04,-0.12,-2.09,1.63,-1.24,0.3,-1.3,-1.99
197208,-1.71,-2.54,0.65,-0.15,2.29,-0.62,-1.59,2.13,1.78,4.58,0.3,2.25,3.02,5.25,3.52,-0.03,2.65,5,5.22,7.06,0.74,6.84,7.31,9.05,6.05
197209,-4.91,-4.79,-4.72,-3.81,-4.14,-3.51,-3.56,-2.15,-2.16,-3.57,-1.69,-2.51,-1.1,-1.87,-2.82,-1.81,-3.39,-0.45,-2.37,-4,0.17,-1.74,-1.5,2.03,-4.03
197210,-3.3,-3.32,-2.81,-1.98,-1.89,-4.04,-0.37,1.55,0.7,-0.75,-2.72,-0.79,1.31,0.73,0.3,-1.63,-0.43,1.43,2.31,-0.94,1.02,1.07,1.93,2.38,1.54
197211,-0.45,4.1,4.7,5.97,5.95,4.52,4.87,7.16,4.64,7.58,3.03,4.07,6.59,7.48,7.24,6.62,7.83,6.75,6.93,11.05,1.56,6.68,6.81,7.95,14.09
197212,-1.9,-2.29,-3.21,-2.52,-1.48,-0.62,-2.7,0.34,-3.43,-2.38,1,-0.32,-0.68,-1.03,-2.61,0.56,-1.07,-0.58,-1.78,-4.41,3.73,-0.14,-0.59,0.1,-2.64
197301,-8.11,-4.99,-2.75,-3.62,-1.38,-10.52,-5.67,-6.95,-3.2,-5.45,-7.49,-7.37,-5.99,-3.67,-5.39,-6.42,-7.37,-5.58,-3.44,-4.21,-1.6,-4.01,-0.82,0.62,-4.12
197302,-13.84,-8.84,-8.43,-8.29,-5.91,-13.83,-8.11,-7.58,-5.92,-5.48,-10.94,-8.25,-7.89,-2.91,-7.07,-8.25,-7.53,-4.42,-3.66,-2.08,-2.19,-3.15,-4.72,-5.97,-3.26
197303,-6.76,-4.36,-2.51,-0.96,-1.76,-5.4,-2.33,-2.63,-2.01,-0.13,-4.89,-4.27,-2.06,-1.84,0.27,-3.92,-4.1,-2.01,-2.13,0.84,-0.74,-1.02,1.66,1.97,1.74
197304,-11.75,-9.71,-6.67,-6.44,-5.35,-14.07,-9.47,-5.84,-4.43,-4.62,-11.23,-6.33,-3.87,-3.48,-4.11,-10.9,-8.19,-2.7,-2.91,-4.61,-5.85,-3.34,-2.01,-0.74,-2.6
197305,-11.03,-10.93,-8.81,-7.73,-8.13,-11.33,-9.09,-7.55,-6.56,-8.97,-8.89,-8.02,-4.82,-2.76,-6.67,-7.05,-7.7,-2.39,-2.45,-4.52,0.23,-1.18,-0.71,-3.26,-5.52
197306,-4.8,-4.17,-4.56,-2.91,-2.31,-6.8,-4.19,-2.8,-1.96,-1.54,-6.49,-2.71,-1.84,-0.91,-3.17,-4.59,-4.01,-2.85,-0.99,-3.72,-0.33,-0.36,0.85,-0.64,-2.08
197307,18.91,15.94,12.11,13.59,10.34,22.18,14.24,11.19,7.07,9.9,19.25,9.58,6.94,1.92,7.71,15.31,9.34,6.62,3.19,8.92,5.46,5.46,-0.1,2.1,3.63
197308,-5.47,-6.71,-5.78,-6.06,-4.57,-2.85,-7.47,-4.79,-4.98,-3.94,-3.02,-4.13,-4.09,-2.48,-0.95,-2.48,-0.97,-1.7,-3.02,-0.11,-3.42,-2.44,-3.69,-2.35,0.79
197309,11.86,11.58,6.87,7.9,6.95,10.88,11.62,11.13,7.14,10.3,11.22,9.89,9.8,8.68,10.55,9.91,11.69,11.27,9.67,10.52,-0.08,7.77,8.72,8.64,8.28
197310,-2.55,0.46,0.86,0.19,1.32,-3.3,-2.38,1.36,1.16,1.39,-3.88,2.23,0.66,-0.2,1.27,-2.6,-1.46,1.63,-0.24,1.8,0.55,-0.71,0.31,-3.02,2.32
197311,-24.89,-21.54,-19.16,-16.79,-17.94,-23.35,-20.41,-18.9,-15.86,-15.82,-22.76,-18.19,-15.96,-12.27,-15.61,-20.18,-17.28,-14.09,-12.09,-14.84,-10.62,-12.73,-10.89,-6.41,-8.57
197312,-3.74,-4.8,-4.2,-3.01,-4.16,-0.73,-4.08,-0.64,-1.15,-0.86,-1.48,0.97,0.53,1,2.67,0.02,2.83,6.97,2.91,6.62,-1.86,0.82,7.28,5.22,10.11
197401,10.19,14.35,14.71,12.57,18.7,4.66,10.58,9.31,10.72,13.32,5.23,4.34,8.47,7.45,11.06,-1.62,2.02,2.97,7.79,5.48,-1.97,0.74,-2.86,0.61,0.45
197402,-0.34,-0.74,-0.39,-0.12,1.08,0.31,1.94,1.11,1.63,4.11,-2.55,-0.39,1.77,0.51,2.15,-2.37,0.87,2,1.77,3.46,-1.25,1.78,-0.94,2.88,3.52
197403,0.27,-0.85,0.56,1.32,1.95,-1.62,1.56,-1.56,-0.92,0.65,-1.79,-0.89,-2.96,-1.43,-1.05,-2.62,-3.68,-4.7,-2.81,-2.21,-1.47,-3.52,-2.24,-3.45,-4.52
197404,-4.75,-5.78,-5.19,-5.52,-3.98,-8.28,-6.34,-5.83,-3.79,-3.42,-6.17,-7.38,-4.12,-6.01,-2.55,-6.85,-6.92,-5.93,-6.51,-1.64,-2.83,-4.23,-5.04,-5.85,-5.72
197405,-8.26,-7.27,-8.15,-6.82,-5.97,-6.53,-7.76,-7.56,-7.19,-7.3,-7.06,-9.38,-6.53,-7.01,-8.44,-6.24,-8.96,-5.57,-6.05,-7.18,-0.71,-3.45,-5.57,-3.31,-8.08
197406,-3.52,-3.32,-2.18,-2.38,-1.48,-3.86,-3.59,-2.78,-0.64,-0.46,-4.5,-2.47,-3.48,-4.55,-0.43,-3.11,-3.77,-2.58,-4.59,-4.43,-1.53,-2.72,-1.76,-1.97,1
197407,-8.82,-5.62,-5.26,-4.61,-3.9,-7.18,-3.81,-4.39,-3.53,-2.7,-6.72,-2.41,-2.14,-3.17,1.1,-8.5,-6.02,-2.52,-0.73,-0.8,-10.89,-4.15,-3.58,-3.9,-5.1
197408,-9.9,-8.35,-7.52,-7.5,-6.84,-9.4,-11.13,-6.28,-7.73,-5.36,-10.77,-10.28,-6.52,-7.1,-6.79,-11.76,-8.62,-8.12,-6.59,-6.12,-9.96,-7.58,-4.54,-7.66,-8.64
197409,-13.1,-8.29,-6.99,-6.93,-8.35,-11.67,-6.99,-7.99,-7.71,-7.27,-13.03,-8.41,-7,-4.57,-5.87,-11.55,-7.15,-5.25,-6.32,-8.11,-14.86,-9.89,-4.95,-4.79,-6.62
197410,15.19,7.15,6.85,7.83,9.24,16.46,10.89,6.88,8.26,6.68,18.62,10.67,7.08,8.47,9.14,21.19,12.88,11.12,9.66,10.35,22.23,13.85,13.11,10.48,1.29
197411,-5.83,-5.54,-5.14,-5.22,-6.72,-5.2,-4.5,-3.96,-5.21,-6.84,-4.44,-4.02,-2.71,-4.32,-1.34,-2.21,-0.43,-0.92,-3.79,-5.85,-4.54,-3.21,-4.14,-2.18,-4.12
197412,-6.98,-8.14,-7.31,-7.43,-9.03,-6.53,-5.83,-5.58,-6.79,-5.84,-5.58,-4.26,-4.13,-5.08,-6.95,-4.52,-2.46,-4.1,-1.98,-9.56,-3.82,0.36,1.24,-0.83,1.87
197501,26.47,29.53,28.3,27.83,32.67,21.24,26.15,26.83,27.09,29.34,19.11,24.86,22.04,23.51,27.71,15.69,20.54,23.53,24.42,27.73,9.29,14.03,14.11,19.64,15.78
197502,6.86,5.24,3.09,3.4,4.84,9.3,6.62,1.62,3.92,2.07,7.32,3,3.11,4.84,4.53,6.44,2.61,1.69,3.14,2.44,9.55,2.74,3.72,1.98,-3.33
197503,9,10.83,8.76,7.81,9.8,6.42,6.82,7.11,6.05,8.27,5.91,6.68,4.15,7.28,5.61,5.91,6.23,5.5,5.37,4.29,2.66,1.79,-1.37,6.11,6.22
197504,6.53,6.2,4.38,2.91,2.75,6.44,3.97,2.84,1.34,4.21,5.46,5.22,5.04,3.58,3.18,6.95,3.19,2.92,5.78,4.46,5.71,4.74,0.91,5.19,4.95
197505,11.68,11.01,8.47,7.67,6.79,11.94,7.51,6.97,7.84,7.52,5.36,8.04,4.33,7.88,1.47,7.72,6.26,5.39,4.26,5.22,5.1,8.51,4.59,-0.22,0.87
197506,6,7.66,7.49,8.95,7.49,9.46,7.04,6.96,8.26,3.27,5.72,5.13,6.7,6.02,5.43,5.23,7.71,7.44,10.73,8.27,3.48,7.16,4.89,6.91,7.48
197507,-1.53,0.15,-1.61,-0.16,-0.66,-3.41,-3.21,-2.77,-3.61,-3.95,-5.11,-3.29,-3.56,-4.01,-5.8,-7.28,-6.47,-3.99,-4.41,-6.84,-8.14,-4.06,-4.5,-5.68,-1.55
197508,-7,-6.4,-4.81,-5.35,-7.71,-4.49,-4,-5.12,-4.12,-8.32,-3.97,-3.44,-3.42,-4.17,-5.56,-4.44,-3.38,-2.82,-2.36,-0.7,-1.95,-1.79,-1.78,2.29,-4.45
197509,-5.36,-2.5,-3.03,-2.94,-3.9,-3.38,-3.93,-3.63,-3.26,-4.8,-5.33,-2.93,-3.89,-4.25,-4.43,-4.54,-3.03,-3.93,-2.91,-4.45,-4.62,-1.35,-2.36,-4.37,-5.34
197510,1.49,1.34,2.9,2.79,0.92,2.06,4.16,1.46,3.69,4.36,1.79,3.7,3.74,4.69,1.04,5.88,5.96,7.17,5.28,6.97,7.17,5.66,4.45,6.77,3.92
197511,0.07,1.85,2.09,2.45,3.68,0.04,3.22,2.07,4.03,3.91,1.88,2.56,4.74,4.17,0.77,2.98,4.1,3.71,7.31,6.08,3.26,2.26,3.03,2.93,4.68
197512,-0.89,-1.22,-1.19,-1.01,-1.43,-2.5,-1.49,0.55,-0.62,-2.03,-0.88,-0.76,0.62,-0.02,2.84,-2.3,0.58,0.03,-0.73,-0.78,-2.6,0.92,0.27,0.68,5.3
197601,15.83,17.08,20.68,22.33,26.81,12.86,16.55,16.89,20.8,26.77,15.99,15.43,16.78,18.6,22.27,12.78,13.9,16.18,17.98,22.6,11.15,9.39,14.03,17.09,15.12
197602,9.83,7.22,10.43,12.14,15.88,7.28,6.51,7.25,8.51,11.44,4,3.56,5.6,7.57,11.78,0.61,3.31,4.21,5.3,3.83,-2.32,1.48,-0.88,-0.88,9.31
197603,3.52,2.2,1.94,0.58,1.68,1.09,0.74,0.5,1.21,2.49,1.15,0.85,1.97,2.07,2.18,0.89,2.25,1.05,2.08,6.79,3.14,3.64,3.39,2.72,-1.02
197604,-1.39,-0.66,-2.71,-1.11,-1.66,-1.07,-1.56,-0.46,-1.05,-1.86,-1.31,0.16,-0.72,-0.82,-0.55,-1.59,-1.34,-0.44,-1.94,-3.71,-2.27,0.27,1.79,0.7,1.12
197605,-1.82,-1.64,-1.51,-3.52,-4.82,-0.72,-2.14,-0.86,-2.58,-4.37,-1.47,-1.39,-1.57,-1.3,-3.01,-2.48,-1.19,-0.98,-3.89,1.21,-1.05,0.55,-0.83,-2.34,1.4
197606,4.12,2.28,2.1,3.04,1.97,2.45,2.99,3.79,3.24,6.22,4.24,5.17,6.55,4.61,7.5,4.22,4.92,7.3,7.93,3.9,4.3,4.01,5.59,5.89,2.98
197607,-1.01,-1.93,0.76,-0.31,1.16,-1,-0.01,2.54,0.11,1.41,-1.53,-0.8,0.45,0.77,-0.07,-1.54,0.46,0.37,1.55,1.64,-1.61,0.19,0.15,-0.52,2.7
197608,-4.31,-1.71,-1.18,-1.39,-1.55,-4.39,-1.69,-2.65,-1.13,-1.3,-2.61,-1.33,-0.98,-0.25,-3.72,-2.66,0.37,1.66,-1.21,0.65,-0.26,0.42,1.91,-0.44,0.76
197609,2.29,1.81,1.06,2.16,1.93,4.14,4.54,2.64,3.39,1.86,3.44,2.98,2.5,2.81,1.51,2.25,2.17,2.95,2.88,1.28,1.62,4.4,3.31,3.87,-1.09
197610,-2.75,-1.49,-1.58,-1.54,-2.34,-2.92,-3.28,-2.25,-1.35,-1.29,-3.41,0.38,-1.4,-1.06,-3.66,-2.23,-1.33,-1.27,-1.66,-2.44,-2.38,-2.49,-0.71,-3.01,-4.12
197611,5.62,3.28,1.91,2.54,2.87,3.19,3.36,2.98,4.26,5.06,3.75,3.35,3.29,4.3,6.93,4.4,3.31,3.32,1.88,1.56,-1.57,0.14,2.07,1.65,3.98
197612,10.75,9.28,9.72,10.96,9.94,8.91,9.11,9.31,9.32,11.09,5.8,9.52,8.71,8.26,8.58,6.08,7.05,7.5,9.47,9.5,3.84,7.3,5.63,7.69,8.14
197701,2.94,4.3,2.65,4.44,5.8,-0.18,2.15,0.48,1.88,3.38,-2.21,-0.09,1.05,1.07,0.42,-4.16,-2.66,-2.51,0.17,1.75,-7.82,-3.34,-1.01,-1.42,0.39
197702,-0.37,-0.4,-0.45,-0.39,0.42,-1.66,-0.99,-0.35,0.07,-1.67,-4.13,-0.81,-2.35,0.32,-3.12,-3,-1.68,-1.94,-1.92,-2.05,-1.2,-3.29,-0.72,-1.88,-1.56
197703,0.13,0.28,1.45,1.47,1.29,0.34,-0.53,1.54,-0.12,-0.81,-0.05,1.34,-0.34,0.25,0.37,-1.86,0.27,1.05,0.56,5.07,-1.68,-1.84,-1.31,-0.48,-0.25
197704,1.39,0.29,1.78,2.59,2.53,1.22,1.7,1.32,2.22,2.9,0.48,0.81,1.9,2.61,2.53,-0.7,2.2,2.76,3.08,2.78,-2.16,2.16,1.45,3.6,5.71
197705,-1.53,-0.45,0.44,0.22,1.28,0.91,-0.94,-0.33,0.87,-1.57,-0.67,0.05,0.71,0.72,0.08,-0.46,-1.02,-0.05,-1.25,-1.12,-2.55,-0.81,0.66,-1.98,-2
197706,5.82,6.56,6.99,5.53,7.26,8.57,6.53,6.28,5.52,9.65,8.94,6.17,6.09,4.59,6.41,6.44,4.93,4.91,4.8,5.95,5.97,3.96,2.99,5.06,2.43
197707,1.13,0.76,1.16,0.61,1.21,-1.12,0.08,-0.75,0.66,0.35,0.04,-0.17,-1.31,-1.16,-0.76,-1.08,-3.17,-0.73,-1.08,-4.38,-1.29,-2.97,-0.61,-0.24,-5.16
197708,0.93,-0.01,-0.63,-1.33,-1.7,0.47,-0.7,-1.72,-0.8,-1.65,1.83,-1.24,-0.9,-0.37,-1.09,-1.53,-1.21,-2.07,-2.31,-3.75,1.07,-3.37,-3.13,-4.87,-4.23
197709,2.35,2.05,1.02,1.9,1.32,1.34,0.81,1.43,0.5,-0.78,1.92,1.72,1.35,0.12,-0.52,1.01,0.27,0.96,1.1,-1.04,-0.88,-0.96,2.3,0.48,-0.12
197710,-4.73,-2.59,-2.26,-1.29,-2.11,-5.27,-2.42,-3.83,0.19,-1.61,-3.53,-2.26,-2.45,-2.45,-2.63,-4.08,-3.14,-2.88,-4.11,-4.88,-4.51,-4.06,-5.05,-2.54,-3.62
197711,9.46,8.77,8.1,6.97,8.96,8.32,9.48,8.78,7.01,8.26,6.71,7.55,6.02,6.3,8.38,7.17,6.09,5.37,7.25,7.13,3.6,3.22,3.14,3.04,5
197712,4.83,3.69,2.57,2.77,1.73,2.98,1.69,0.61,0.55,2.35,1.59,0.72,1.8,1,0.17,0.35,0.87,0.52,-0.39,-0.58,0.03,1.13,1.13,0.4,1.31
197801,-1.21,-3.17,-1.54,-1.15,0.19,-5.38,-5.66,-2.54,-1.78,-2.03,-6.73,-5.38,-3.26,-3.59,-1.07,-5.97,-6.31,-5.46,-4.56,-1.7,-6.27,-7.06,-5.66,-4.98,-3.14
197802,3.27,3.08,3.91,3.19,3.5,1.73,1.65,0.86,2.23,0.57,0.58,1.52,0.51,0.75,1.14,-1.36,-0.64,-0.75,1.11,-2.25,-3.18,-1.64,2.39,-1.04,-3.56
197803,8.4,7.39,7.91,6.82,8.04,6.12,5.88,7.46,6.44,7.37,5.55,5.77,4.66,4.61,7.42,4.95,4.78,4.68,4.64,4.81,1.23,3.8,3.2,2.95,3.69
197804,10.14,8.73,8.22,7.13,8.42,9.83,7.18,8.37,7.26,6.21,9.88,8.64,7.51,5.16,6,8.57,7.37,5.44,5.91,8.51,11.83,8.49,4.88,5.05,5.36
197805,8.31,6.27,8.68,6.34,7.95,6.96,7.07,4.86,3.97,5.19,6.28,5.16,5.42,2.31,4.01,4.81,3.7,1.48,2.16,3.7,1.31,1.31,0.04,1.15,1.93
197806,0.8,0.4,0.36,0.13,0.29,-1.21,-2.58,0.51,3.41,-0.24,-0.59,-0.98,0.81,0.89,1.22,-1.01,-0.54,0.06,0.51,-0.61,-1.2,-3.09,-2,-1.85,-0.58
197807,6.87,6.08,5.99,4.76,4.68,7.99,5.14,6.04,4.99,8.33,6.72,4.96,4.19,4.45,3.69,5.95,5.86,6.36,5.86,8.99,7.66,4.84,4.77,2.86,4.57
197808,9.69,9.33,8.37,7.92,10.18,9.02,7.74,9.39,6.99,9.38,8.06,8.54,6.52,4.89,10.09,7.64,6.28,4.27,4.08,3.16,2.55,3.32,4.82,3.06,0.18
197809,-1.12,0.44,-1.95,-0.1,0.21,-1.76,-1.64,-1.67,0.55,-1.79,-3.19,-0.97,-1.2,-0.35,-0.89,-3.32,-2.14,0.53,0.08,-0.93,-3.18,0.12,1.87,1.08,0.9
197810,-26.9,-23.34,-21.65,-18.68,-21.11,-24.82,-19.01,-18.56,-15.03,-18.7,-18.83,-18.57,-14.35,-14.42,-19.32,-15.71,-13.04,-13.5,-12.08,-14.09,-8.36,-9.3,-8.39,-7.1,-12.05
197811,8.69,7.7,6.74,4.44,4.12,11.46,5.22,4.63,2.79,5.79,7.09,5.06,4.33,3.09,2.68,4.49,2.23,3.69,1.47,2.01,2.62,2.33,4.04,3.37,2.53
197812,3.42,3.27,2.31,1.12,0.68,3,3.48,1.45,2.57,2.15,3.04,1.85,0.24,1.34,3.68,1.03,1.7,1.45,0.54,0.33,3.46,0.86,0.86,-0.05,-0.7
197901,10.11,9.85,8.25,10.46,11.61,8.54,8.13,7.64,7.22,9.75,6.92,6.66,7.82,6.98,9.73,5.74,5.12,6.15,8.32,6.84,2.49,4.97,4.44,4.7,7.66
197902,-2.96,-3.32,-2.48,-2.81,-1.36,-2.98,-3.04,-2.84,-3.3,-2.19,-4.77,-1.8,-2.39,-1.47,-0.88,-3.85,-3.62,-3.13,-3.32,-3.95,-3.98,-2.51,-2.74,-1.33,-2.86
197903,12.11,9.44,7.9,7.06,8.39,12.34,8.86,8.41,7.2,8.28,10.74,9.47,6.72,9.03,12.88,7.73,7.81,7.05,7.99,9.24,4.98,6.05,6.78,3.71,6.43
197904,3.14,2.84,2.26,2.98,3.4,1.51,2.95,2.22,2.85,2.05,1.35,1.26,2.19,1.99,4.09,2.16,0.77,1.6,0.21,2.02,-0.18,0.7,0.95,-0.58,-1.1
197905,-2.69,-0.93,-1.61,-0.86,-1.15,-2.42,-1.73,-0.2,-0.25,-0.97,-3.51,-2.89,-0.17,0.48,-2.2,-0.27,-1.51,-1.55,-0.52,-1.13,-2.12,-0.84,-1.7,-1.22,-1.33
197906,6.02,5.74,5.28,4.51,5.38,7.09,5.89,3.69,5.81,8.52,3.66,4.75,6.29,6.08,6.48,5.03,7.31,6.46,7.89,6.38,2.24,4.67,6.25,4.61,2.81
197907,2.18,2.88,3.04,3.1,2.24,2.04,2.13,3.05,4.86,3.85,3.27,4.1,4.18,2.76,5.24,1.47,3.28,2.79,2.4,2.49,-0.34,1.55,1.49,1.17,3.72
197908,8.66,8.89,6.46,6.95,7.94,8.61,8.55,7.06,6.83,7.17,9.3,8.04,5.79,5.84,6.48,8.62,6.35,6.63,5.08,8.15,6.52,6.86,4.47,5.37,5.33
197909,-0.12,-0.21,-1.51,-0.52,-0.99,0.74,0.76,-2.63,-1.49,-1.93,1.42,-0.05,-1.29,-3.13,-1.56,-0.14,-0.36,0.16,-1.89,-1.53,-2.06,1.34,1.58,0.57,0.59
197910,-11.05,-9.74,-11.37,-9.41,-11.66,-9.19,-9.97,-11.55,-11.9,-11.23,-8.11,-8.33,-10.38,-7.66,-12.33,-7.5,-8.06,-8.15,-10.21,-10.5,-6.5,-5.21,-5.7,-7.09,-7.31
197911,10.99,8.33,6.62,4.94,6.48,10.93,8,6.69,7.43,7.26,11.77,7.29,6.63,6.78,5.32,10.04,6.83,7.68,5.85,6.25,5.18,6.92,4.24,7.25,0.92
197912,11.53,7.89,6.28,6.68,5.17,8.45,6.24,5.59,3.54,4.86,5.64,3.37,2.65,2.37,8,4.79,3.79,2.28,2.02,4.32,2.01,3.44,-0.08,0.78,2.33
198001,12.77,9.58,8.94,8.56,10.57,6.79,7.46,6.14,4.83,8.65,5.42,6.52,6.93,5.98,8.88,7.71,6.04,6.26,1.01,8.04,3.26,7.49,5.71,7.58,9.99
198002,0.57,-0.42,-2.03,-2.29,-2.06,-1.39,-0.26,-2.91,-4.08,-1.39,-0.9,-3.45,-4.29,-4.06,-2.67,-2.24,-1.87,-2.78,-4.85,-1.1,-4.3,0.94,3.91,1.66,2.58
198003,-22.07,-19.1,-17.41,-15.06,-17.43,-19.21,-16.31,-16.78,-14.66,-17.31,-15.79,-15.21,-16.41,-12.97,-18.73,-12.21,-14,-12.99,-11.17,-17.16,-6.11,-11.5,-9.55,-11.21,-12.83
198004,6.18,6.38,6.68,5.12,5.97,6.03,4.57,6.42,7.93,4.35,6.95,7.14,7.18,8.5,5.78,4.73,6.79,7.08,8.93,7.2,2.94,3.45,5.52,7.96,2.83
198005,7.24,6.31,7.09,6.43,7.65,8.85,10.2,6.94,7.81,9.97,7.05,6.95,8.61,7.91,8.74,7.58,7.91,9.1,7.19,8.76,4.9,5.34,5.25,3.98,6.09
198006,5.02,3.3,3.73,4.36,5.35,4.35,6.56,4.08,5.56,2.03,5.27,5.88,3.8,4.51,2.63,5.99,3.62,4.73,3.24,4.95,2.23,4.1,1.91,5.01,0.13
198007,12.05,12.59,10.29,8.43,9.14,14.27,11.26,9.93,8.31,7.53,13.16,8.32,9.67,5.66,5.65,11.25,9.66,7.94,3.32,4.34,11.15,5.96,3.25,3.53,4.8
198008,11.26,8.79,7.02,7.32,5.12,8.33,7.26,4.16,2.84,3.78,6.73,6.4,2.5,1.77,0.88,4.28,2.31,2.47,0.25,1.1,2,0.98,1.32,2.02,-0.31
198009,6.5,2.83,2.65,1.37,2.94,4.57,3.61,3.68,0.97,0.91,5.76,2.23,2.89,1.71,-0.52,5.99,3.93,2.22,0.32,0.36,3.08,5.74,3.54,-1.48,-0.15
198010,7.65,5.48,4.26,3.61,2.23,6.71,2.15,0.61,3.53,1.06,2.67,2.21,3.06,1.68,1.95,2.3,3.01,-0.69,-1.27,-0.19,0.6,3.99,4.96,-1.84,0.65
198011,16.24,6.28,5.97,0.74,1.68,13.71,7.2,4.63,6.47,2.93,11.46,7.25,2.54,3.18,1.69,12.79,14.81,4.4,3.08,0.56,10.61,14.13,19.12,5.24,3.51
198012,-6.15,-5.49,-3.8,-2.6,-3.5,-5.17,-2.6,-1.65,-1.62,-0.43,-3.86,-3.17,-0.55,-1.11,-0.34,-3.49,-4.4,-1,0.38,-0.35,0.1,-5.49,-5.88,-1.43,0.06
198101,-4.43,-0.23,1.64,2.15,3.2,-4.97,-0.37,0.21,1.92,3.05,-4.29,-1.44,-0.9,1.19,3,-6.8,-3.41,-0.77,0.75,1.18,-6.1,-7.3,-6.56,0.07,2.41
198102,-3.25,0.05,1.11,2.07,2.48,-0.43,1.6,2.32,3.61,4.01,2.26,2.37,3.68,0.53,1.19,1.41,2.76,4.41,1.69,3.7,3.27,2.19,-0.68,2.93,-0.5
198103,7.32,9.19,8.81,8.96,7.22,8.05,8.15,7.58,7.46,7.58,7.66,7.51,7.59,9.36,6.75,9.01,5.87,8.87,7.45,7.83,2.92,3.24,-0.21,3.87,7.73
198104,3.06,4.6,3.66,4.71,5.51,1.58,3.77,3.41,3.96,3.9,2.05,3.44,1.28,1.17,3.15,0.06,-0.47,0.19,0.25,1.47,-2.71,-4.32,-2.86,2.41,-2.93
198105,4.94,4.97,4.04,2.62,2.76,6.29,1.99,2.9,0.58,2.19,2.13,3.57,2.84,1.63,4.68,3.41,2.12,1.87,0.87,2.67,1.56,-2.09,-1.98,3.59,1.1
198106,-7.18,-0.2,1.51,2.76,1.18,-7.08,-0.75,-0.33,-0.24,1.92,-5.02,-0.28,-0.11,2.09,-1.1,-5.11,-2.13,1.05,2.65,0.09,-4.39,1.16,3.4,-0.59,0.81
198107,-4.64,-3.37,-2.73,-2.14,-2.26,-2.4,-3.57,-0.77,-1.41,-1.9,-1.33,-1.98,-2.89,-3.11,-0.32,2.01,-0.85,-2.35,-2.35,-3.12,1.8,2.51,-2.06,-2.19,0.6
198108,-12.69,-8.47,-7.23,-5.7,-4.97,-10.37,-8.13,-5.24,-4.84,-5.67,-8.57,-6.04,-5.38,-5.82,-3.42,-6.88,-6.07,-3.84,-5.3,-3.46,-6.17,-6.6,-5.78,-5.24,-0.4
198109,-13.42,-8.4,-7.35,-6.32,-6.4,-10.27,-6.76,-6.51,-3.15,-5.71,-9.32,-5.79,-6.3,-1.55,-3.77,-9.12,-8.08,-6.45,-3.72,-4.45,-6.43,-5.95,-6.15,-2.21,0.5
198110,10.4,8.14,8.29,6.9,4.91,10.92,6.51,6.96,7.25,6.51,11.04,4.93,7.28,4.82,4.46,9.98,7.5,5.14,4.08,3.65,7.81,7.53,2.61,1.48,4.81
198111,-1.34,2.34,3.82,2.76,4.01,1.42,5.1,4.79,6.15,5.56,0.67,2.65,4.09,3.1,5.57,3.59,4.69,2.5,7.49,4.87,3.77,5.81,5.13,4.41,3.78
198112,-3.97,-2.05,-0.63,-0.33,-1.08,-1.76,-0.44,-1.8,-2.3,-1.77,-1.87,-2.1,-0.89,-1.32,-3.15,-3.47,-2.3,-1.75,-2.21,-2.24,-2.82,-3.56,-3.76,-2.05,-1.8
198201,-2.93,-0.48,-1.84,-1.56,-0.16,-5.48,-3.42,-3.39,-3.72,0.59,-6.14,-3.06,-4.98,-1.78,1.39,-6.79,-4.16,-3.92,-1.7,-1.44,-0.23,-3.93,-2.76,-1.1,1.45
198202,-7.75,-4.04,-3.02,-2.69,-0.88,-7.29,-5.11,-3.82,-1.15,-0.3,-7.99,-2.47,-1.54,-2.97,0.24,-6.89,-6.33,-3.59,-0.38,0.43,-7.37,-7.33,-2.6,-1.17,-3.88
198203,-2.18,-0.42,-1.1,-0.36,0.19,-3.78,-0.04,-1.34,1.84,1.92,-2.61,0.06,1.13,-0.46,2.97,-2.87,-1.81,-0.04,0.13,0.74,-3.59,0.5,-1.62,2.63,2.06
198204,6.3,5.92,5.38,4.98,4.44,6.66,6.84,5.89,4.58,4.01,6.3,5.67,4.45,5.51,4.77,6.3,5.42,4.34,3.78,5.3,6.63,3.93,3.08,2.98,0.54
198205,-3.03,-1.64,0,-0.9,-0.65,-3.99,-3.59,-3.11,-1.56,-2.19,-3.58,-2.05,-3.22,-1.03,-1.16,-4.7,-4.49,-3.9,-3.8,-2.65,-3.98,-1.9,-1.48,-3.21,-1.18
198206,-4.39,-3.11,-2.54,-1.1,-1.29,-4.33,-1.11,-1.43,-0.65,-1.19,-3.82,-0.78,-0.39,-2.39,-1.86,-4.09,-3.1,-0.78,-1.31,0.34,-2.9,-1.1,-0.56,-1.87,-2.88
198207,-3.82,-2.51,0.51,-0.85,-0.44,-3.25,1.31,-0.08,-0.14,-0.96,-1.86,-0.68,-2.04,-3.08,-1.91,-1.82,-4.27,-2.6,-3.3,-2.55,0.61,-3.72,-4.36,-2.1,-1.76
198208,4.78,7.17,6.7,5.16,5.67,7.84,8.28,9.88,7.82,8.33,10.91,10.83,12.08,11.35,10.86,11.83,12.51,10.91,12.56,13.62,11.23,12.05,12.87,13.62,13.45
198209,2.3,2.53,5.84,3.91,4.34,2.69,2.3,5,5.51,5.78,3.33,5.34,4.35,4.37,2.06,2.52,1.95,8.01,2.45,0.74,1.69,1.92,1.25,-0.11,-0.06
198210,17.66,13.63,12.89,13.03,11.61,17.14,12.43,13.26,10.29,10.97,15,13.65,12.26,13.41,12.98,15.56,14.76,12.59,12.73,11.93,11.54,11.25,10.2,10.74,8.72
198211,9.19,10.25,11.45,10.58,10.41,9.77,8.89,8.04,7.73,8.88,10.47,8.77,6.83,5.09,8.58,7.37,6.67,4.34,5.39,6.86,7.2,4.17,1.16,2.64,3.06
198212,2.58,2.25,1.88,2.14,2.44,-0.37,2.55,1.06,0.24,1.21,0.34,0.67,-0.73,0.43,2.21,0.86,0.53,2.18,0.37,2.57,2.36,-0.1,1.14,0.66,4.18
198301,13.55,8.29,8.83,8.7,6.98,7.82,8.19,3.35,4.69,4.78,6.68,3.05,4.35,3.28,3.64,4.89,3.14,2.98,2.43,1.85,2.09,3.05,3.42,6.8,1.6
198302,3.07,4.77,7.59,7.73,8.95,5.17,5.03,7.9,5.93,5.38,5.08,4.76,5.4,4.46,5.22,4.85,2.56,2.96,3.37,5.14,2.39,3.93,3.07,0.83,3.45
198303,2.86,5.64,6.5,4.61,7.45,1.93,3.67,6.76,6.85,4.62,2.05,6.47,4.66,7.49,4.72,0.63,2.72,4.14,5.56,5.11,3.3,2.53,4.42,2.86,3.56
198304,7.19,7.54,8.74,9.37,9.05,7.94,8.48,8.59,7.79,7.41,6.38,7.15,6.89,6.62,6.56,4.96,5.67,8.07,6.81,7.16,6.59,6.12,9.07,8.36,9.06
198305,12,10.36,8.43,8.07,7.97,5.46,6.32,5.24,2.95,5.57,5.74,5.25,2.87,2.22,1.26,4.88,5.91,4.18,1.94,1.19,-0.96,-2.25,-0.68,-1.18,-0.3
198306,4.54,6.79,3.39,3.35,4.11,6.8,5.24,1.54,3.03,3.72,4.81,5.45,4.7,1.84,1.13,6.23,4.66,3.79,-1.23,1.19,5.86,5.2,2.87,1.27,1.72
198307,-6.1,-2.14,-0.92,0.82,0.74,-7.17,-4.27,-1,1.81,0.96,-6.22,-3.07,2.69,1.05,0.69,-4.56,-3.37,-3.97,-0.98,-0.7,-4.83,-6.42,-3.43,-0.37,-2.22
198308,-6.08,-3.82,-2.25,-3.62,-1.1,-5.27,-3.61,-2.58,-1.25,0.67,-3.73,-4.16,-1.59,-0.91,2.2,-2.82,-1.74,0.35,2.62,4,-0.65,-0.7,0.47,4.11,6.46
198309,-3.07,0.18,0.41,1.67,1.54,1.16,1.5,4.07,4.9,3.64,1.92,3.58,2.9,5.07,6.88,3.36,2.15,3.18,2.45,1.28,2.92,2.03,1.87,-1,0.6
198310,-10.34,-6.11,-5.36,-3.52,-2.85,-9.95,-7.5,-3.86,-2.06,-3.09,-8.26,-4.76,-3.01,-0.55,-1.62,-7.06,-2.81,-1.9,-1.9,-0.45,-2.42,-2.22,-0.13,-0.27,-0.7
198311,3.72,3.66,3.47,2.8,4.1,5.78,5.32,4.67,5.39,4.97,6.25,4.26,4.8,4.14,4.05,5.75,2.47,4.44,4.57,3.72,1.19,3.48,2.67,1.71,0.58
198312,-5.29,-1.03,-0.61,-0.27,0.86,-3.07,-1.33,0.13,-0.05,0.19,-3.18,-1.06,-0.15,-1.21,1.53,-3.26,-0.79,-2.58,-1.29,-0.64,-0.08,0.09,-2.14,-1.06,0.45
198401,-1.86,-1.11,0.29,1.13,3.22,-6.2,-1.27,-0.52,0.11,3.78,-7.09,-4.31,-2.1,0.06,-0.13,-7.56,-3.55,-1.99,-0.51,0.32,-5.71,-0.87,1.07,1.67,6.92
198402,-7.46,-6.96,-5.34,-4.27,-4.52,-7.02,-5.93,-3.83,-3.24,-3.58,-6.83,-7.08,-4.75,-4.6,-2.67,-5.77,-5.68,-6.17,-3.11,-4.69,-3.77,-6.16,-3.99,-2.67,0.85
198403,-0.94,1.53,0.59,1.69,2.1,-0.36,1.26,0.89,1.38,2.15,0.72,1.03,2.4,1.09,3.3,0.56,0.98,2.69,1.68,4.16,1.82,2.93,0.59,1.39,-1.48
198404,-3.98,-1.74,-0.59,0.03,-0.91,-1.2,1.45,0.67,-0.03,-0.92,-0.1,1.32,-0.14,-1.27,0.1,-1.47,-0.42,-0.6,-2.23,-1.77,1.44,-0.38,1.01,1.59,2.42
198405,-5.99,-4.57,-4.96,-3.43,-3.49,-6.06,-5.16,-5.03,-3.93,-3.89,-6.09,-5.21,-5.69,-3.87,-6.84,-3.9,-4.43,-5.58,-5.33,-7.51,-5.16,-3.98,-5.49,-4.12,-6.07
198406,1.45,3.4,2.15,1.57,1.25,3.99,4.59,1.85,2.87,1.1,6.43,4.85,1.02,1.84,-0.21,6.03,4.48,1.52,1.63,2.5,3.41,5.59,2.06,-0.94,4.85
198407,-7.32,-5.09,-4.48,-1.79,-2.27,-5.2,-5.61,-1.32,-3.8,-3.7,-3.39,-3.5,-2.93,-3.12,-1.43,-3.43,-5.18,-2.6,-4.88,-0.49,0.31,-1.32,-1.04,-1.94,-2.26
198408,11.5,11.61,8.77,6.94,8.58,15.93,10.61,9.5,9.65,10.06,15.09,12.95,10.9,11.95,9.55,12.68,13.57,12.1,11.61,10.2,10.77,10.19,10.46,11.03,12.68
198409,-2.55,-1.46,0.49,1.18,2.44,-5.44,0.19,2.13,1.46,3.35,-3.88,1.8,1.76,1.85,3.49,-1.49,-1.83,1.07,1.48,4.43,-2.78,-1.6,-1.46,2.26,3.11
198410,-3.79,-1.41,-2.06,-1.4,-0.95,-2.93,-1.78,-0.09,0.94,1.04,-1.67,-0.7,1.47,-1.6,1.36,-0.39,0,0.57,-0.05,1.6,0.88,2.71,0.84,0.07,-1.5
198411,-5.76,-4.02,-1.3,-1.31,-1.18,-5.74,-2.06,-0.35,-0.22,1.37,-4.02,0.48,1.3,1.34,1.95,-3.37,-0.66,-1.18,0.81,1.85,-2.45,-0.96,-1.31,-0.98,1.25
198412,0.49,0.84,1.03,0.47,0.86,1.93,2.21,1.81,2.56,2.84,4.4,2.84,1.63,1.42,2.08,3.19,2.15,2.05,2.85,3.41,2.58,2.4,2.44,3.39,1.15
198501,15.81,14.54,10.6,9.97,8.64,15.98,12.64,9,9.79,8.54,13.66,10.44,9.54,8.97,7.8,12.26,13.05,7.94,8.23,6.44,9.53,7.86,7.59,7.13,4.2
198502,3.71,4.96,3.35,2.86,3.66,2.98,3.08,2.56,1.74,1.34,1.94,1.23,1.11,1.91,-0.65,2.73,-1.02,1.96,2.09,1.84,0.19,2.63,2.12,2.11,2.72
198503,-2.75,-2.92,-1.34,-1.32,-0.19,-4.58,-3.51,-0.84,0.39,3.21,-4.25,-1.11,-2.12,0.68,3.73,-2.69,-2.5,0.18,0.81,4.4,-1.55,0.86,0.6,0.16,1.65
198504,-2.19,-1.89,0.25,0.49,0.47,-3.18,-1.16,-0.22,2.21,1.12,-1.3,-1.29,-0.41,2.49,1.06,-1.13,-3.14,0.05,1.11,1.12,-1.68,-2.35,-0.36,0.41,2.99
198505,2.46,3.86,3.85,2.81,1.18,4.04,3.95,3.08,5.51,3.17,6.13,5.6,3.31,4.6,3.68,6.84,5.57,5.62,4.15,6.07,5.7,7.57,8.7,5.88,4.5
198506,0.52,0.47,1,1.41,2.02,0.73,2.37,2.81,2.91,3.94,2.67,1.66,4.17,2.7,3.4,1.84,1.6,1.99,3.68,0.87,0.65,2.75,1.48,0.31,2.46
198507,2.37,3.04,2.47,1.33,2.39,3.19,3.61,5.02,-0.05,0.26,1.16,2.74,1.48,0.46,2.58,-0.29,0.29,1.13,-2.01,1.08,0.82,-0.61,-1.49,-1.76,-2.54
198508,-1.6,-0.99,-0.65,0.18,-1.12,-1.94,-1.08,0.83,0.33,0.18,-2.38,-0.86,0.16,-0.25,0.14,-1.83,-0.33,1.06,-0.41,0.19,-1.63,-0.54,-0.36,0.43,0.81
198509,-8.04,-5.91,-4.88,-4.03,-3.97,-7.47,-6.29,-3.29,-3.54,-6.03,-6.74,-4.38,-3.25,-3.69,-3.52,-5.09,-4.07,-4.68,-5.99,-4.83,-3.76,-2.46,-1.5,-3.27,-4.27
198510,0.68,1.63,3.84,3.09,1.56,3.72,3.68,4.33,5.71,2.49,3.99,4.31,4.43,2.62,2.85,5.59,5.34,4.03,5.66,5.05,3.57,4.46,4.83,5.9,6.73
198511,5.46,6.42,6.5,5.07,4.5,9.2,7.13,8.03,6.84,6.73,7.61,7.31,5.72,6.57,6.42,8.86,6.69,8.03,6.12,6.11,10.01,8.1,7.77,3.93,4.78
198512,3.65,5.25,4.12,4.01,3.59,5.1,4.46,5.09,4.04,0.76,5.59,4.5,2.62,2.71,5.01,3.46,4.51,2.85,5.04,5.54,6.74,4.07,4.65,3.13,4.44
198601,3.94,2,2.26,2.12,2.92,0.95,2.27,0.97,0.02,2.81,1.92,2.7,1.47,2.25,2.72,1.32,0.52,1.53,2.98,3.64,0.16,1.72,1.54,-1.27,1.58
198602,5.94,6.43,6.27,8.23,5.2,7.74,6.8,6.78,9.38,5.52,6.76,9.4,8.07,7.06,6.34,7.89,9.37,6.83,7.39,8.04,7.29,10.46,8.75,6.5,7.25
198603,4.7,5.51,5.03,4.69,6.09,3.72,5.27,5.71,4.57,6.66,4.89,7.26,5.41,5.6,5.04,5.53,5.15,6.25,4.46,5.55,6.04,7.17,5.23,4.91,4.65
198604,2.73,2.17,1.63,0.15,0.54,2.1,1.98,0.1,0.83,-1.7,2.18,2.32,1.06,0.88,-1.43,2.22,-0.46,-1.63,-2.43,-4.82,0.72,-1.71,-1.93,-2.95,-2.65
198605,4.25,3.24,4.22,3.76,3.85,3.45,2.42,5.51,4.23,2.96,6.2,4.25,5.99,5.59,3.54,6.22,3.92,5.6,4.48,4.84,5.21,6.1,3.33,6.5,5.5
198606,0.21,-1.52,-0.04,0.97,2.34,0.64,-0.04,2.59,1.76,2.24,1.15,-0.84,2.25,0.55,2.24,1.68,0.87,0.01,4.12,1.13,2.23,2.03,0.96,0.69,3.03
198607,-10.1,-8.96,-7.9,-6.57,-8.19,-11.32,-10.17,-8.83,-4.28,-7.45,-9.82,-8.05,-8.18,-5.83,-5.71,-8.68,-7.34,-7.01,-4.5,-4.5,-7.23,-5.64,-4.83,-2.51,-2.21
198608,0.32,0.5,2.03,1.91,1.71,2.37,3.96,4.48,4.73,5.51,4.34,3.94,5.52,7.25,8.75,4.56,6.34,7.3,10.43,9.61,4.47,6.58,6.12,10.38,10.58
198609,-8.11,-6.45,-5.24,-4.87,-2.7,-8.77,-6.07,-4.92,-2.52,-5.99,-8.02,-7.54,-5.01,-4.83,-5.07,-9.58,-5.76,-7.4,-6.65,-6.25,-10.31,-10.86,-7.62,-7.88,-7.06
198610,1.96,2.63,2.32,2.91,1.06,6.47,4.02,3.42,3.75,0.9,5.74,2.53,1.2,2.32,1.98,5.73,5.72,4.99,5.85,4.31,5.09,7.09,6.71,4.78,5.72
198611,-2.28,0.05,0.54,0.41,0.73,0.31,0.64,-0.45,-2.06,-0.3,0.11,0.47,-1.1,1.28,-0.41,0.79,1.55,1.47,-0.93,0.92,2.56,2.01,2.67,2.55,2.08
198612,-5.63,-1.88,-3.78,-1.62,-3.18,-3.05,-1.85,-3.45,-3.13,0.26,-2.59,-1.83,-3.55,-1.77,-0.92,-4.26,-3.03,-2.79,-1.95,-3.53,-1.61,-2.67,-4.2,-2.77,-3.08
198701,10.87,9.54,11.41,9.97,9.37,13.65,11.92,10.53,10.38,10.14,13.85,13.73,8.81,10.51,10.05,14.08,12.51,10.4,13.51,11.44,13.3,16.38,11.5,12.48,11.99
198702,10.54,8.53,7.08,7.13,6.53,9.64,8.98,6.64,5.59,5.85,8.79,8.23,5.13,4.33,4.33,7.23,6.54,6.76,4.21,2.15,8.24,5.76,2.96,-0.5,-1.1
198703,1.66,3.42,2.52,3.4,4.59,0.95,3.15,1.51,2.78,3.19,0.22,1.53,1.43,2.54,3.81,1.8,1.66,1.68,2.26,-1.01,1.62,2.22,0.49,3.02,4.44
198704,-2.21,-2.78,-2.01,-0.71,-1.09,-3.97,-2.33,-2.95,-3.94,-4.43,-2.15,-1.97,-4.41,-2.21,-3.15,-3.81,-2.34,-2.67,-1.18,-2,-1.34,-1.21,-2.12,-0.83,-0.41
198705,-0.19,-1.63,0.17,0.66,3.08,-1.19,-0.27,0.02,0.14,0.61,0.85,-0.24,-1.22,0.41,0.2,1.91,0.99,-0.37,-0.88,0.47,2.05,-0.67,-0.24,0.8,0.31
198706,-0.24,1.8,2.63,1.89,4.1,1.79,2.97,4,3.09,3.85,2,2.54,5.6,4.73,3.42,4.68,3.08,4.32,3.44,3.7,4.65,5.48,6.03,5.04,5.23
198707,1.8,1.98,2.16,2.69,5.39,2.29,1.92,3.4,3.58,5.66,2.18,4.57,4.2,3.6,8.1,3.75,4.74,4.95,4.24,5.12,6.06,3.17,6.57,2.04,3.11
198708,0.65,2.33,2.8,2.48,0.65,2.73,3.45,4,2.72,3.98,3.64,3.56,4.25,3.78,0.45,4.74,4.06,3.36,3.66,1.84,4.82,5.16,3.4,5.01,2.57
198709,-2.75,-0.5,-0.81,-0.58,-1.21,-2.09,-2.31,-0.88,-0.67,-2.5,-3.41,-2.33,-1.98,-2.99,-0.42,-2.18,-1.31,-2.49,-1.66,0.35,-2.17,-4.09,-0.16,-1.95,-2.92
198710,-34.02,-30.64,-28.31,-28.35,-28.34,-32.55,-31.55,-27.65,-26.19,-28.77,-29.28,-28.98,-24.63,-22.64,-26.89,-25.22,-28.93,-25.23,-17.18,-23.72,-21.63,-22.65,-21.88,-14.66,-18.77
198711,-8.61,-4.87,-4.87,-4.6,-3.37,-7.12,-4.89,-3.87,-3.28,-3.03,-7.52,-2.35,-2.75,-3.21,-3.57,-6.2,-5.58,-6.13,-4.11,-1.86,-9.64,-8.4,-7.88,-7.87,-7.37
198712,2.77,4.93,5.78,4.85,3.26,11.67,9.75,7.49,5.99,5.08,12.12,9.63,6.4,4.61,6.59,12.49,10.83,9.21,4.11,3.24,8.35,7.48,7.69,3.16,6.06
198801,5.71,7.25,4.3,5.33,6.38,1.88,2.92,5.15,4.15,6.88,1.67,3.39,4.03,7.82,6.64,0.25,4.46,4.32,6.08,6.28,2.29,1.61,5.2,8.82,9.12
198802,5.98,7.58,7.58,7.32,7.47,8.43,11.85,9.01,7.7,7.81,8.61,8.1,6.66,6.85,7.1,8.5,9.34,6.5,4.82,6.16,4.57,5.52,4.81,1.76,2.52
198803,3.93,5.96,5.65,5.11,5,2.33,7.05,3.59,3.4,4.52,2.78,1.13,1.22,-0.13,1.22,-0.97,0.87,-0.06,-0.39,4.39,-4.58,-4.08,-4.21,-3.49,-0.99
198804,1.03,1.27,2.4,1.06,3.76,2.17,4.19,3.03,1.68,2.42,-0.77,0.12,1.86,0.5,2.4,-0.03,0.8,1.26,-0.6,0.37,-0.78,1.05,1.72,2.2,2.04
198805,-3.58,-2.12,-0.67,-1.96,-0.86,-4.45,-2.14,-2.4,-1.4,-0.94,-0.72,-1.88,-1.08,1.47,0.74,-0.75,-0.53,-0.77,2.54,1.13,0.08,0.31,-0.26,2.37,2.72
198806,6.37,6.29,5.9,6.09,5.06,7.25,10.59,8.23,5.31,8.28,6.63,7.79,6.54,5.84,4.68,7.25,6.77,6.73,3.62,8.13,4.16,7.17,5.4,3.08,3.27
198807,-0.93,-0.39,-0.98,0.99,-1.05,-2.58,-2.37,0.05,0.61,1.05,-4.37,-1.87,-1.37,-0.17,-0.43,-3.35,-3.56,0.35,-1.27,0.04,-0.92,-1.01,0.55,-0.06,0.89
198808,-4.11,-2.55,-1.2,-1.29,-2.08,-3.97,-3.85,-2.13,-0.57,-1.39,-4.2,-2.3,-2.26,-0.09,-0.55,-4.01,-3.18,-0.64,0,0.77,-2.79,-5.19,-2.19,-1.74,-3.11
198809,1.26,2.76,2.84,1.68,2.78,2.67,2.55,2.57,2.79,2.95,3.83,2.42,2.63,1.58,2.56,4.82,1.17,3.57,2.07,4.63,5.62,5.48,1.63,4.21,3.86
198810,-2.93,-1.78,-1.05,-2.33,-1.07,-2.55,-0.84,0.36,-0.1,-0.55,-1.43,0.66,1.08,0.63,2.59,-1.74,0.98,0.49,1.06,2.15,1.83,5.5,1.35,2.61,4.03
198811,-4.87,-4.7,-3.38,-3.09,-4.31,-4.23,-3.04,-1.91,-3.25,-2.08,-3.01,-2.63,-3.47,-0.56,-2.05,-1.56,-2.47,-3.32,-1.42,-1.37,-1.87,-1.23,-1.46,-0.91,0.23
198812,1.77,4.13,3.33,4.59,2.69,5.12,4.19,3.74,4.81,2.76,4.39,3.64,3.53,2.15,3.19,3.35,3.04,1.89,1.87,-0.33,2.6,1.96,1.95,0.5,0.42
198901,5.31,5.84,4.21,4.07,5.66,3.39,5.7,4.64,3.74,7.29,4.71,5.25,5.13,3.85,5.08,4.71,5.62,5.64,6.19,7.75,7.84,6.72,6.42,6.46,8.15
198902,-1.3,0.4,0.68,1.42,1.87,1.05,1.83,1.24,0.68,1.55,-0.13,0.55,0.47,1.11,0.02,-0.33,0,-0.66,0.1,0.9,-3.05,-2.86,-2.48,-1.85,-2.57
198903,1.26,2.71,4.32,2.71,3.12,1.71,2.54,2.16,1.99,2.97,2.11,1.22,1.66,3.09,2.79,-0.27,1.61,2.74,0.49,2.46,3.04,0.42,3.73,3.05,1.13
198904,3.09,3.17,3.69,2.23,2.9,4.61,5.56,4.73,2.78,5.69,5.19,5.11,4.55,3.98,2.98,6.46,5.25,4.01,5.3,4.43,6.1,5.22,4.36,4.84,3.59
198905,3.21,5.18,2.06,3.89,3.38,4.69,3.23,4.02,3.46,3.77,5.63,4.4,3.92,3.99,3.88,4.49,2.85,2.88,4.61,5.81,4.66,3.22,4.27,4.52,3.3
198906,-3.03,-1.62,-2.23,0.07,0.58,-4.79,-1.84,-0.48,-0.73,-1.52,-3.14,-1.19,-1.28,0.2,2.53,-2.23,-1.35,0.67,1.72,2.59,-0.52,-0.25,-1.44,-0.48,0.79
198907,2.74,4.9,2.27,3.46,1.46,5.63,5.16,3.23,3.67,3.1,5.38,5.08,3.48,4.66,3.8,8.44,8.49,6.07,6.01,7.65,11.27,9.53,6.83,7.79,6.57
198908,2.08,-0.1,0.72,2.64,1.52,3.6,2.79,3.27,3.12,3.14,2.91,2.84,4.98,3.3,2.04,3.72,3.77,2.94,3.64,1.49,-0.14,2.32,3.08,1.67,2.88
198909,1.31,-0.44,-0.6,0.93,-0.43,2.54,-0.13,0.68,0.7,-0.78,1.5,-1.32,-1.42,-0.11,-1.38,0.27,-2.93,-3.26,-1.06,0.49,1.05,-0.93,0.3,0.72,-0.47
198910,-5.08,-5.43,-4.68,-4.52,-6.77,-4.89,-7.19,-4.96,-5.34,-7.73,-4.07,-5.72,-6.32,-5.06,-4.68,-2.87,-3.7,-7.91,-3,-4.14,0.2,-3.54,-2.91,-3.24,-0.24
198911,-0.59,0.16,-0.52,-0.06,-1.25,0.25,1.73,0.49,1.68,-0.89,1.81,1.85,-0.05,0.82,2.48,2.3,2.17,0.56,0.19,1.07,1.95,2.37,2.74,1.2,1.16
198912,-0.82,-0.8,-1.1,-0.73,-1.7,1.31,-0.15,0.73,0.83,0.47,0.08,0.63,-1.41,1.64,0.42,2.6,1.99,1.48,1.6,1.88,0.74,0.98,4.59,4.91,1.06
199001,-8.16,-7.61,-4.68,-6.62,-5.97,-9.43,-9.3,-7.06,-7.33,-9.18,-9.48,-9.22,-7.66,-7.02,-7.75,-6.87,-5.66,-7.85,-8.99,-9.5,-7.44,-5.73,-7.14,-7.32,-5.75
199002,2.02,2.02,1.17,3.45,1.48,3.37,3.73,2.97,3.17,2.45,3.38,3.28,1.86,1.38,3.16,1.59,1.36,1.4,1.63,3.82,0.01,1.82,2.2,1.42,2.08
199003,4.3,2.79,2.08,3.79,1.36,4.99,4.51,4.65,2.99,1.53,4.92,2.57,2.67,1.42,-0.1,3.76,3.99,1.96,2.1,0.28,3.86,3.87,0.36,0.51,1.15
199004,-2.6,-2.35,-1.83,-2.37,-3.46,-4.07,-3.64,-2.03,-2.68,-5.78,-2.42,-2.18,-2.97,-5.51,-5.88,-2.77,-4.14,-6.36,-5.23,-6.26,0.34,-1.33,-3.8,-4.15,-4.17
199005,8.16,6.05,6.04,4.26,3.36,10.58,8.54,5.51,4.73,3.7,9.26,8.78,6.71,4.99,6.3,11.14,8.52,10.17,7.23,9.4,11.42,10.95,7.73,6.45,7.78
199006,1.18,2.57,2.55,0.49,-0.22,0.19,0.83,-1.14,-0.51,-0.36,2.08,0.68,-0.35,-1.86,-0.62,0.57,-1.82,-1.73,-1.45,-0.43,3.33,-2.1,-2.37,-3.53,-0.26
199007,-4.58,-5.05,-3.08,-3.19,-4.21,-5.62,-4.3,-4.29,-2.66,-4.47,-4.32,-1.52,-3.27,-4.87,-3.66,-2.2,-1.8,-3.38,-1.71,-3.11,-0.95,-1.14,2.16,-1.37,-2.03
199008,-16.58,-14.23,-12.41,-11.05,-12.35,-14.54,-13.66,-12.53,-10.21,-11.28,-13.59,-13.6,-10.72,-8.91,-9.73,-9.46,-11.35,-10.43,-8.32,-11.09,-8.56,-10.11,-6.63,-9.6,-10.59
199009,-10.56,-9.31,-7.74,-7.03,-8.58,-10.53,-9.63,-8.43,-6.53,-7.92,-9.01,-7.02,-6.67,-8.32,-8.27,-5.7,-6.46,-9.72,-6.57,-8.79,-5.14,-5.28,-1.39,-6.53,-7.42
199010,-6.46,-6.02,-6.71,-5.24,-7.17,-6.87,-5.47,-4.28,-4.12,-7.78,-4.58,-4.97,-3.99,-2.87,-4.65,-0.63,-3.23,-7.54,-1.23,-3.11,1.62,-1.69,-1.03,0.55,0.95
199011,3.5,4.9,4.44,2.55,1.02,12.15,5.85,7.11,7.16,4.55,10.85,9.02,7.1,7.75,6.95,9.1,8.03,11.06,9.01,7.39,6.43,7.59,5.94,6.17,4.35
199012,0.31,-0.5,0.5,2.37,0.42,4.24,5.32,4.51,3.87,4,6.68,4.53,3.88,3.6,3.12,3.91,4.12,4.43,4.3,3.8,3.24,3.65,1.67,2.41,0.79
199101,7.79,7.21,10.53,8.79,11.07,9.87,6.79,7.27,6.7,8.83,9.43,8.79,6.56,8.07,3.8,8.35,3.92,8.12,4.28,5.92,5.16,5.89,1.74,5.88,3.95
199102,14.1,11.97,13.12,12.58,11.84,11.66,10.34,10.1,7.89,13.96,9.56,11.09,7.88,8.69,8.43,8.79,9.23,9.13,7.55,7.14,8.09,6.83,5.26,6.09,8
199103,10.23,8.59,7.91,6.04,7.85,7.63,5.17,5.42,6.31,6.61,7.68,2.63,2.58,4.88,5.92,4.95,3.96,3.13,3.77,3.11,4.53,1.83,0.21,1.77,1.2
199104,1.02,0.87,1.3,0.71,0.67,-1.46,0.99,1.31,1.56,1.51,-2.74,-0.51,3.08,2.46,1.62,-0.9,0.15,3.96,1.96,0.39,0.03,0.07,-0.04,1.59,-0.19
199105,2.42,4.27,4.62,3.07,3.23,5.33,2.97,5.72,3.34,3.56,3.72,6.71,4.74,4.53,0.44,6.6,2.71,6.14,4.5,5.62,3.96,5.01,1.75,4.22,6.86
199106,-7.1,-3.8,-3.8,-4,-3.77,-5.08,-5.19,-3.29,-2.82,-5.72,-4.55,-4.43,-3.58,-2.16,-4.52,-5.22,-4.42,-5.78,-3.26,-1.58,-4.32,-5.78,-3.55,-5.03,-3.95
199107,2.64,4.06,2.24,3.38,2.78,4.31,3.41,3.33,3.5,2.1,6.01,4.14,3.69,3.17,6.94,5.94,4.05,1.9,5.2,7.18,6.42,3.1,4.67,4.74,0.81
199108,3.79,4.26,2.95,1.45,2.53,4.15,3.58,3.67,3.4,3.37,5.52,4.49,2.64,4.04,5.78,1.6,2.48,2.61,2.85,3.26,4.35,0.8,2.25,1.22,1.76
199109,4.29,2.51,0.45,-0.2,-1.24,0.51,0.95,2.18,0.92,-1.5,0.17,-0.41,-0.83,0.49,-3.63,-0.3,-1.71,-1.08,0.13,-1.08,-2.08,-1.21,-0.86,0.49,-3.82
199110,7.02,4.09,1.52,3.74,1.54,2.53,1.19,3.14,0.5,1.79,2.78,0.91,1.71,2.69,4.03,2.56,0.15,1.76,2.69,3.72,1.46,0.92,2.13,3.15,0.5
199111,-1.77,-3.74,-4.45,-2.88,-2.83,-5.06,-5.7,-2.78,-5.24,-6.92,-3.27,-4.79,-4.34,-4.65,-5.66,-2.34,-4.99,-3.79,-2.93,-6.63,-1.25,-5.49,-5.43,-3.76,-8.31
199112,6.3,4.22,5.59,3.83,4.99,11.36,6.98,5.64,6.07,8.17,14.17,10.81,7.2,9.57,11.11,13.28,8.85,9.92,8.77,11.3,15.39,8.66,8.69,7.02,12.86
199201,14.46,16.31,8.46,13.93,16.11,8.18,4.67,6.35,7.33,9.72,1.26,4.68,5.28,5.6,9.64,-0.22,1.56,1.6,0.45,6.09,-3.21,-2.11,-2.44,0.02,6.75
199202,-0.02,5.5,2.87,4.87,9.87,0.42,2.57,1.75,4.65,5.95,0.13,2.36,3.79,2.86,8.44,-0.49,2.78,3.01,2.32,5.07,0.16,-0.43,1.91,4.19,10.12
199203,-6.63,-5.6,-2.44,0.45,-1.2,-8.44,-2,-1.8,-0.2,-1,-5.01,-2.11,-0.45,0.29,-1.62,-5.63,-0.9,-2.72,-0.84,-2.55,-2.82,-1.89,0.45,-1.59,1.22
199204,-10.02,-3.52,-4.79,-3.89,-2.91,-6.25,-3.49,-2.79,-2.4,0.15,-5.59,-1.47,-0.97,0.43,2.76,-1.94,0.73,1.72,3.81,3.8,-0.14,5.61,5.47,3.18,7.02
199205,-1.64,0.27,-0.06,-1.33,1.75,-0.2,0.48,1.53,1.12,3.91,-0.12,-0.58,1.84,0.69,3.62,0.07,1.42,1.22,0.65,-0.13,1.23,0.35,-0.15,0.07,-0.03
199206,-8.98,-5.23,-5.23,-4.98,-4.27,-5.55,-5.71,-2.42,-3.23,-0.99,-4.63,-4,-2.37,-1.33,-0.47,-1.83,-3.77,-1.95,0.31,-1.17,-3.06,0.11,-2.09,0.36,0.72
199207,0.91,0.9,1.93,2.46,2.74,2.7,4.08,3.18,4.5,3,4.87,4.76,3.73,5.39,3.49,5.21,4.09,3.72,4.17,2.1,4.92,3.62,4.76,3.24,-0.35
199208,-4.46,-2.89,-1.72,-2.05,-3.25,-4.07,-3.46,-0.48,-0.41,-3.47,-3.96,-1.97,-2.3,-1.21,-3.13,-1.08,-2.54,-2.34,-1.51,-4.86,-0.58,-3.18,-0.6,-3.7,-8.58
199209,0.17,1.77,1.71,1.88,0.94,2.09,1.56,3.81,2.15,2.16,2.53,2.98,1.72,0.7,1.69,0.73,3.35,1.82,1.22,0.17,0.79,3.35,0.99,0.08,0.09
199210,2.6,1.79,2.71,2.21,1.45,4.86,3.88,2.64,1.18,2.61,5.93,3.43,1.94,2.42,1.27,4.79,0.78,1.02,2.09,5.08,2.04,1.56,-1.7,-1.97,0
199211,10.49,10.49,7.86,8.38,7.84,9.36,8.14,6.3,4.56,6.4,9.76,6.76,6.06,4.83,4.4,7.1,4.95,4.02,2.75,4.36,3.67,4.91,0.73,3.09,8.43
199212,1.4,3.6,4.89,3.91,5.18,1.61,2.58,3.29,6.26,4.86,3.12,5.79,2.46,4.07,4.34,1.5,1.8,4.14,4.12,4.76,-0.7,3.18,3.02,-0.22,2.89
199301,2.69,5.8,4.61,5.32,8,-0.67,3.24,4.47,4.72,8,-2,3.28,4.35,3.06,4.22,1.16,1.59,2.94,2.65,4.53,-2.42,0.91,0.97,3.29,9.18
199302,-7.58,-5.12,-2.16,-0.59,0.74,-7.96,-4.57,-0.4,2.6,1.82,-7.99,0.22,1.53,0.87,3.56,-5.06,1.86,1.57,3.19,2.19,-3.09,2.28,4.95,5.02,1.94
199303,0.64,1.73,3.59,2.43,4.83,1.05,2.45,3.89,2.07,4.12,4.81,3.35,2.97,3.52,5.95,2.59,4.83,4.03,3.3,2.11,0.71,3.55,3.31,0.73,3.37
199304,-3.91,-4.54,-2.88,-2.31,-1.33,-3.15,-3.15,-1.71,-2.33,-4.05,-4.4,-2.95,-2.88,-1.66,-1.38,-4.92,-2.49,-1.85,-1.76,-1.99,-5.99,-2.11,-0.25,-1.52,1.06
199305,5.62,4.41,3.77,3.11,4.57,6.94,4.56,3.41,1.49,4.29,7.79,6.64,2.93,2.44,2.13,6.79,4.08,2,1.08,2.75,3.13,4.36,1.4,1.71,-0.51
199306,-1.68,0.56,0.02,-0.87,2.06,-0.41,0.75,0.61,0.16,2.18,-0.86,0.28,1.56,2.53,1.04,0.69,0.67,2.27,1.15,3.78,-2.45,0.9,1.75,1.88,4.64
199307,-1.52,-0.43,0.97,1.84,3.26,0.03,0.44,1.29,2.75,2.04,-0.44,-0.03,0.84,2.2,-0.27,-2.64,1.26,1.14,2.26,0.75,-3.5,0.29,0.89,2.49,0.49
199308,3.86,5.1,3.73,3.38,3.04,3.57,5.83,4.66,5.47,3.46,4.1,4.9,3.58,3.2,2.86,6.31,3.5,4.82,3.48,4.92,3.7,2.16,4.12,4.32,2.4
199309,2.21,2.32,2.86,2.98,3.48,3.66,3.81,2.26,2.35,2.41,4.08,0.89,1.01,1.82,0.31,0.69,2.25,0.11,-0.87,-1.51,-0.86,-1.63,-0.05,1.37,-3.02
199310,5.22,4.89,4.68,4.09,4.37,3.94,2.1,0.84,1.21,0.73,1.93,-1.2,0.39,0.18,3.93,3.25,0.3,-0.45,-0.82,-1.08,4.16,0.57,-0.17,-0.76,5.79
199311,-3.92,-2.85,-2.11,-1.94,-1.84,-2.72,-3.2,-2.67,-4.25,-3.81,-2.59,-2.28,-2.82,-3.76,-0.93,-2.39,-2.97,-2.15,-2.3,-4.57,1.48,-1.67,-2.82,-3.47,3.36
199312,0.64,0.79,1.58,1.26,1.14,2.29,4.55,4.66,1.47,3.95,3.97,6.13,5.17,4.18,2.59,4.23,5.67,3.7,2.28,3.7,0.1,2.29,0.64,1.43,2.7
199401,2.55,6.41,5.26,5.12,6.02,1.35,2.07,1.93,2.82,4.99,2.02,1.66,1.55,2.08,6.85,2.43,3.12,4.17,2.48,3.01,1.35,3.87,4.9,2.86,5.73
199402,-3.14,1.66,-0.55,0.06,-0.04,-0.32,0.18,0.39,-1.71,-1.6,-0.88,1.71,0.75,-1.95,-1.57,-1.03,0.05,-1.63,-2.54,-5,-1.84,-1.99,-3.35,-4.95,-4.93
199403,-7.48,-5.16,-4.12,-4.68,-3.06,-7.2,-5.33,-5.13,-3.7,-5.7,-5.82,-4.78,-4.47,-4.24,-5.63,-5.86,-5.01,-4.55,-2.84,-2.16,-4.73,-3.8,-2.93,-4.62,-4.35
199404,-3.8,-0.54,-1.61,-0.31,0.84,-0.95,0.62,1.51,1.44,2.18,-1.47,2.15,0.85,0.93,1.64,-0.36,0.93,1.44,2.25,0.9,1.39,-1.07,2.98,1.27,2.31
199405,-2.39,-2.14,-0.42,-0.45,-0.5,-2.28,-2.29,-1.36,0.16,1.12,-2.17,-1.32,0.41,-0.78,-0.5,-0.27,0.14,0.32,-1.29,-1.63,1.19,3.87,1.8,0.65,1.04
199406,-6.61,-4.3,-4.61,-2.06,-1.97,-5.47,-2.82,-0.47,-1.35,-1.31,-4.46,-2.55,0.25,-1.06,-1.7,-5.06,-2.8,-1.99,-1.77,-3.51,-2.45,-3.08,-2.12,-1.78,-3.69
199407,0.18,-0.14,0.41,0.78,1.44,2.54,1.8,2.23,1.25,3.65,3.77,2.19,0.64,3.12,4.9,2.25,2.33,4.17,4.68,5.51,2.53,3.57,3.26,4.6,3.39
199408,3.62,4.84,2.96,3.24,2.83,9.3,5.63,3.61,4.78,4.61,9.88,4.42,4.34,4.71,3.11,8.48,4.96,2.45,2.93,4.46,6.15,4.7,1.82,3.12,1.33
199409,1.14,1.45,1.33,2.05,0.74,0.06,0.29,-0.09,-0.25,-1.98,0.83,-1.64,-1.58,-1.1,-2.24,-0.58,-2.44,-2.6,-3.49,-2.29,-0.62,-3.34,-3.57,-2.98,-4.41
199410,-1.07,1.55,0.34,1.23,-0.33,1.5,0.37,-0.66,-1.65,-3.71,2.67,0.45,-0.32,-1.32,-1.42,1.44,0.26,-0.46,-0.32,-0.94,3.3,0.63,2.99,3.09,0.63
199411,-4.26,-3.18,-2.93,-2.8,-3.51,-2.52,-4.19,-4.1,-3.47,-5.4,-5.94,-3.87,-4.01,-4.59,-3.69,-3.63,-3.65,-4.97,-4.21,-3.94,-1.71,-4.89,-4.47,-3.67,-2.8
199412,-2.99,-0.34,0.22,0.35,-0.42,1.51,2.23,2.79,2.68,0.53,2.06,2.03,2.98,3.81,3.51,1.81,0.94,0.98,0.4,1.49,0.99,1.84,1.38,0.86,1.68
199501,1.83,1.85,2.43,2.25,2.45,-1.48,-0.92,-0.45,0.12,0.29,-1.95,-0.97,-1.99,0.3,1.61,0.33,1.58,0.17,3.78,3.89,3.01,1.88,3.99,2.92,2.87
199502,2.27,3.01,2.1,3.13,3.25,3.79,3.2,3.22,4.94,4.99,6.01,4.7,5.45,4.54,4.44,3.96,5.56,4.76,3.98,4.36,3.26,5.55,3.78,3.63,3.66
199503,0.98,1.88,0.56,1.27,0.53,3.69,2.31,2.11,1.95,1.87,3.55,2.54,1.42,0.19,0.99,2.35,4.04,3.05,2.15,-0.6,2.78,4.03,2.71,2.78,0.23
199504,1.77,3.2,2.19,3.03,4.56,0.32,2.31,3.29,1.64,3.42,0.29,1.91,2.97,2.99,2.06,0.7,1.86,2.93,1.69,2.75,2.57,2.51,2.99,3.5,4.16
199505,1.8,2.09,1.22,1.7,4.02,1.11,2.22,1.5,3.24,2.02,2.13,-0.37,2.08,2.86,2.57,2.15,0.88,2.86,4.06,3.59,3.71,3.92,3.7,4.48,6.79
199506,7.84,7.6,5.92,4.73,4.9,9.79,3.87,4.38,4.45,4.14,6.32,3.21,4.52,2.2,2.29,6.84,2.66,4.47,1.04,2.81,3.83,2.85,0.28,2.13,0.61
199507,7.28,6.2,5.17,4.97,4.92,9.06,5.84,4.26,4.97,4.77,7.89,4.55,5.03,4.21,4.03,8.08,6.55,4.01,4.06,1.17,3.45,2.4,4.4,4.54,1.84
199508,4.04,4.79,4.02,4.37,3.65,0.65,1.48,1.97,3.85,3.57,0.69,1.15,1.92,3.69,3.46,0.16,1.5,2.78,1.9,3.07,-0.44,1.51,-0.34,2.28,2.6
199509,3.46,2.37,1.74,1.98,2.55,2.43,2,2.17,1.65,-0.01,2.75,0.71,1.52,1.39,0.73,3.75,1.87,1.24,1.76,3.36,4.81,5.52,2.61,5.04,4.97
199510,-6.06,-6.04,-4.53,-2.71,-2.58,-7.25,-6.74,-5.08,-4.37,-5.23,-2.48,-3.6,-3.43,-3.45,-2.11,-1.47,-5.55,-1.53,-1.29,-0.45,0.99,0.28,-0.07,-2.67,-2.11
199511,1.94,1.84,1.45,2.37,1.16,5.23,4.02,4.73,5.28,4.52,6.09,3,3.78,5.1,6.22,4.6,3.47,4.85,6.04,3.17,4.64,3.08,4.87,6.11,3.61
199512,2.15,3.75,1.01,1.53,1.43,2.37,3.01,3.34,3.53,3.05,1.6,2.28,3.22,1.63,2.06,-2.12,0.28,1.02,1.58,0.79,0.1,2.77,2.35,1.65,3.68
199601,1.97,0.23,1.25,0.57,1.25,-0.13,-1.04,-0.29,-0.05,1.64,-2.51,1.08,-1.13,2.78,-0.03,1.28,2.58,2.31,0.95,2.05,3.64,3.9,2.95,3.28,3.44
199602,3.2,2.57,2.95,2.76,3.45,5.63,3.74,2.02,2.48,0.73,5.38,2.43,3.17,1.96,1.56,5.38,1.08,2.12,1.36,-2.44,1.17,1.18,2.12,0.75,0.77
199603,2.55,4.37,3.32,2.8,2.32,2.26,1.22,2.33,2.28,2.86,2.52,2.52,2.21,4.48,1.37,1.4,0.31,2.07,1.85,1.31,0.22,0.07,1.51,3.04,0.65
199604,8.46,9.53,8.98,5,5.79,10.72,5.75,3.93,6.63,1.67,6.3,3.75,1.7,1.81,1.06,6.28,5.05,2.79,0.71,-2.78,1.43,2.49,0.84,0.55,-0.75
199605,7.91,6.4,7.79,6.06,5.43,6.31,3.89,4.51,7.99,2.62,3.29,3.25,2.25,0.23,1.83,2.99,0.71,0.86,1.32,0.03,4.09,2.95,0.2,1.87,1.98
199606,-7.61,-5.88,-4.73,-2.74,-2.19,-6.59,-3.73,-2.35,-3.41,-0.84,-7.94,-2.19,-0.12,-0.08,-0.57,-4.3,-2.33,-1.05,0.21,2.92,1,1.11,-0.2,-0.78,0.07
199607,-14.78,-9.54,-6.93,-3.89,-5.83,-15.55,-8.82,-7.05,-4.87,-6.31,-11.87,-6.53,-5.44,-6.71,-4.52,-8.49,-5.39,-4.53,-4.85,-5.58,-5.16,-4.45,-3.55,-2.61,-5.17
199608,4.49,4.76,4,3.96,3.81,7.86,6.3,3.84,4.7,5.22,7.93,5.74,5.93,6.04,4.82,5.48,5.56,5.37,5.27,3.37,1.8,1.51,3.67,2.66,2.89
199609,3.01,2.79,2.51,3.76,2.23,5.86,2.24,2.51,4.16,3.97,7.92,4.05,3.83,1.64,1.8,6.05,4.59,3.78,3.45,3,7.24,5.65,5.16,2.61,1.39
199610,-6.21,-1.72,-0.23,1.19,0.28,-4.69,-2.29,1.33,1.71,0.92,-6.51,-2.61,1.04,1.59,0.24,-3.76,1.93,2.49,2,3.24,0.9,2.65,4.97,4.6,4.8
199611,-0.43,1.46,4.05,4.32,4.4,1.65,2.87,5.51,2.84,4.94,2.26,5.55,7.34,4.44,4.94,5.56,5.56,6.75,5.86,6.32,7.78,7.08,9.14,7.17,5.66
199612,-0.52,1.87,2.7,1.95,1.72,2.1,0.84,3.34,3.59,1.96,-0.45,0.78,2.35,0.79,1.07,-1.52,-0.34,0,0.3,2.04,-1.82,-1.66,-2.4,-1.27,-1.49
199701,6.27,5.35,5.95,4.89,3.22,3.91,3.72,1.16,1.26,1.95,0.78,2.39,1.32,2.93,3.82,2.36,4.53,3.54,1.95,2.78,8.06,5.65,5.18,5.01,3.11
199702,-5.76,-5.28,-1.21,0.65,1.01,-9.04,-2.08,0.13,2.23,0.85,-6.43,-0.51,0.76,0.8,1.01,-3.56,1.1,1.1,2.38,2.32,0.64,-0.01,-0.3,1.73,2.96
199703,-9.69,-6.42,-3.55,-1.24,-2.12,-9.18,-5.17,-2.16,-2.31,-1.9,-8.02,-3.59,-3.6,-1.85,-2.51,-7.14,-4.13,-3.61,-3.28,-3.7,-5.56,-4.04,-1.22,-4.59,-4.8
199704,-4.92,-3.34,-2.27,-1.76,-2.78,-3.69,-0.69,1.04,1.1,-0.02,-1.32,3.19,3.66,2.6,1.77,2.57,1.9,3.11,2.08,1.25,7.83,4.88,5.34,4.61,1.96
199705,11.87,12.08,10,8.15,8.01,17.59,13.04,9.54,9.06,8.21,15.52,10.15,7.57,6.4,7.46,9.78,7.02,6.03,7.42,6.83,6.44,6.95,5.11,5.66,4.98
199706,3.57,4.83,6.4,7.74,7.04,3.24,4.92,5.76,6.34,6.65,4.33,3.56,5.15,4.36,5.62,1.91,4.57,4.81,3.86,2.09,4.32,4.87,4.2,3.7,2.72
199707,3.61,5.54,6.17,6.24,5.96,4.94,5.9,4.2,5.32,4.32,5.19,6.7,6.37,6.14,5.91,6.51,7.83,7.14,6.43,5.71,7.99,8.73,9.11,7.55,7.17
199708,5.07,4.71,3.67,3.96,4.47,3.66,2.5,3.38,2.26,3.36,2.19,3.58,0.98,0.28,0.79,-0.16,1.07,-0.32,-1.39,0.23,-7.14,-4.28,-4.36,-5.38,-2.7
199709,10.56,9.33,9.24,8.66,8.85,7.81,7.52,7.95,7.77,5.66,7.08,7.54,6.95,7.26,5.06,5.46,4.55,6.8,5.19,4.48,4.92,5.62,5.61,6.85,6.25
199710,-5.82,-3.38,-3.25,-1.3,-0.81,-6.56,-3.84,-3.86,-2.59,-3.11,-5.91,-4.23,-3.63,-2.73,-2.34,-6.69,-5.21,-2.58,-4.32,-4.37,-2.46,-4.59,-3.09,-1.06,-2.12
199711,-3.9,-2.37,-1.7,-0.01,-0.62,-3.46,-2.2,-0.52,0.1,-0.23,-3.37,-2.08,2.11,2.21,1.64,1.3,0.6,3.03,2.38,4.31,5.24,6.69,1.53,3.89,2.82
199712,-5.86,-2.63,-0.23,0.69,1.09,-0.76,-1.85,2.74,2.05,3.95,0.42,0.97,2.92,3.39,4.65,-1.35,2.62,2.8,5.53,2.68,1.01,2.39,2.51,2.82,6.15
199801,0.44,-0.77,-1.25,-1,-0.74,0.21,-1.79,-1.28,-2.62,-2.07,0,-2.49,-1.78,-3.84,1.09,-1.12,-0.63,-2.34,-0.28,-0.47,3.94,-0.14,-3.31,0.34,-0.33
199802,6.34,6,5.75,6.46,6.45,8.97,8.46,8.96,6.73,6.36,9.08,8.7,7.9,8.37,7.26,9.54,7.29,8.07,5.63,4.98,7.41,5.9,8.95,7.64,6.89
199803,4.99,5.87,5.11,4.63,4.94,4.31,6.01,2.93,4.47,4.51,4.09,2.33,5.77,4.18,6.56,3.58,5.73,4.94,3.77,7.32,4.45,5.46,5.24,7.33,7.59
199804,2.08,3.32,3.37,2.5,2.28,-0.46,1.81,0.83,2.77,2.01,1.52,0.4,0.14,0.34,-0.41,-0.15,0.47,0.24,0.48,-0.16,1.12,1.24,2.87,0.97,0.32
199805,-6.54,-6.33,-4.26,-2.67,-2.32,-8.69,-5.58,-5.15,-2.77,-2.86,-7.33,-6.63,-4.63,-3.86,-3.27,-5.33,-2.88,-3.66,-2.12,-3.16,-2.22,-1.94,-2.61,1.38,2
199806,-0.64,1.86,-1.68,-1.92,-0.89,1.89,-1.5,-1.31,-0.91,1.77,3.07,-1.96,-1.08,0.05,0.85,0.89,-0.37,0.24,0.61,1.35,7.77,1.28,2.28,2.84,2.92
199807,-7.24,-7.6,-5.8,-6.47,-5.4,-7.49,-7.99,-8.08,-8.28,-7.1,-8.15,-8.15,-7.58,-8.52,-7.15,-5.8,-5.6,-6.15,-4.55,-5.01,-0.12,0.17,-3.47,-4.22,-1.19
199808,-27,-22.42,-19.53,-19.09,-17.74,-24.56,-20.28,-17.61,-18.1,-14.57,-23.41,-19.89,-18.76,-16.27,-14.72,-19.71,-19.91,-18.35,-12.6,-8.52,-13.26,-16.77,-17.56,-12.31,-11.1
199809,5.79,4.14,3.75,2.91,1.3,11.8,7.95,5.47,5.18,4.05,11.87,5.36,7.06,4.65,3.59,6.67,7.36,5.91,5.12,7.44,8.42,3.71,4.77,4.92,6.95
199810,3.48,2.94,1.11,2.31,1.53,4.88,5.8,3.08,3.64,1.2,3.8,7.22,5.55,3.14,2.66,8.55,9.94,6.08,3.76,2.63,7.77,9.69,7.92,5.7,5.11
199811,10.28,8.3,6.49,7.79,7.6,9.56,5.86,4.02,5.52,3.13,8.41,6.93,3.63,1.82,2.99,7.37,2.02,3.65,3.97,2.98,7.61,5.88,6.52,3.72,4.09
199812,4.1,2.7,2.67,1.32,1.23,7.66,4.7,3.1,3.63,5.62,11.66,7.45,3.73,4.36,2.56,10.72,3.99,2.4,4.66,1.82,9.13,4.46,1.37,2.87,3.95
199901,8.54,4.08,4.93,3.03,4.99,5.76,0.65,-1.48,-1.39,-1.63,4.19,2.21,-0.93,-4.23,-3.43,1.26,-1.81,-2.68,-3.05,-4.39,6.2,2.87,1.58,-1.7,2.43
199902,-7.74,-7.96,-5.74,-5.6,-5.67,-9.6,-9.12,-7,-10.11,-6.83,-9.05,-8.55,-6.1,-6.72,-4.82,-5.39,-3.54,-3.01,-3.65,-2.34,-5.12,-0.74,0.46,-0.27,-3.46
199903,-3.48,-4.96,-1.74,-3.59,-2.79,1.06,-0.82,0.24,-1.32,-1.96,4.28,3.94,1.31,-1.39,-0.56,3.46,1.95,3.94,-0.26,0.32,4.94,1.52,6.59,3.61,0.84
199904,7.73,7.98,12.96,10.42,8.92,9.99,7.9,9.14,9.11,7.61,7.59,12.81,10.61,8.95,8.36,6.5,10.6,10.21,9.03,11.25,-0.26,7.69,9.19,8.01,6.26
199905,2.03,3.29,0.94,2.64,5.34,1.42,3.01,0.71,3.75,5.27,-0.3,-0.76,1.34,1.37,4.32,3.08,-0.6,2.1,0.86,1.54,-3.54,-1.11,-2.4,1.44,-0.7
199906,6.79,8.65,7.64,5.99,6.48,7.67,8.59,4.26,5.86,5.87,4.27,4.16,3.58,3.38,3.64,7.22,8.7,2.89,3.51,1.59,6.6,5.11,3.53,-1.49,-1.72
199907,0.97,2.13,0.81,1.92,1.71,-2.05,-1.04,-0.9,-2.6,-3.37,-3.46,-1.92,-2.27,-0.92,-0.06,-2.74,-2.42,-1.04,-1.1,-0.8,-3.13,-4.06,-2.05,-4.2,-5.05
199908,-2.38,-2.16,-2.05,-1.85,-3.47,-3.96,-4.53,-2.95,-3.82,-3.18,-2.05,-5.74,-4.18,-3.23,0,-1.81,-4.4,-3.61,-1.53,-4.15,0.76,-3.95,-1.84,-1.59,-0.51
199909,1.62,-0.43,-0.84,-3.07,-4.27,-0.47,1.65,-0.85,-3.22,-0.75,3.55,1.18,-1.95,-4.38,-1.87,1.79,-4.23,-3.87,-4.82,-2.19,-1.96,-3.55,-6.44,-7.57,-7.12
199910,-0.51,0.72,-1.42,-1.19,-2.79,2.87,-0.04,-0.08,-2.91,-4.93,3.13,-0.93,-0.83,-0.42,-0.14,8.1,1.46,2.3,2.58,4.65,6.84,9.73,4.19,3.72,5.97
199911,19.88,10.44,10.96,6.16,6.57,11.49,6.72,6.84,1.77,2.73,11.86,5.45,-0.49,-0.69,0,11.86,-0.14,-1.14,0.1,1.63,4.44,-0.7,-1.65,-6.12,-3.94
199912,23.44,24.67,10.57,8.38,8.36,17.23,10.77,6.61,1.13,6.76,16.78,6.88,0.96,2.65,3.92,20.6,4.38,3,5.11,4.69,8.08,1.51,2.83,0.19,-1.8
200001,9.79,5.61,2.37,5.42,4.11,1.41,-3.58,-0.39,-0.64,-4.42,-3.47,-3.88,-3.66,-2.7,-5.12,-3.56,-3.47,-4.29,-3.24,-7.79,-5.04,-4.33,-2.08,-5.82,1.03
200002,39.24,38.3,26.28,19.59,13.83,29.53,16.65,7.9,9.59,10.79,24.72,8.04,2.12,-1.3,-1.25,25.54,0.69,-0.79,4.15,-6.17,0.5,-5.38,-7.87,-11.28,-9.12
200003,-14.2,-19.48,-7.99,-2.78,-3.06,-15.24,-4.12,-2.1,-0.91,0.24,-14.49,4.97,10.58,5.72,12.22,-2.7,12.33,15.91,10.18,12.5,9.59,10.24,9.94,14.85,7.69
200004,-23.41,-16.23,-12.57,-7.51,-10.28,-13.48,-8.02,-3.28,-0.42,-4.15,-9.63,0.73,-1.79,3.29,0.15,-7.35,-3.19,1.71,1.3,1.35,-4.42,-3.3,-0.29,5.99,10.02
200005,-13.94,-7.44,-6.97,-7.42,-7.19,-9.17,-6.03,-5.36,-4.55,-1.22,-4.61,-3.36,-1.67,-1,2.43,-7.68,-0.23,-3.66,3.52,-0.77,-3.75,1.79,1.78,-0.64,-2.88
200006,29.59,25.85,17.44,18.5,7.98,14.94,9.44,5.02,5.3,6.03,15.27,0.64,0.61,-1.66,1.91,11.15,3.68,-4.51,-1.61,-5.68,5.93,-5.8,-5.96,-7.7,-8.23
200007,-8.34,-1.56,0.87,1.61,1.5,-7.57,-0.68,1.18,1.69,0.78,-10.41,0.35,3.44,3.49,8.36,-7.02,-0.42,2.38,4.5,2.24,-2.92,1.18,3.88,6.22,3.21
200008,9.39,7.68,4.75,5.5,4.54,7.76,3.87,5.32,5.38,7.13,8.64,9.9,5.66,8.72,4.31,13.31,6.08,5.3,7.12,7.08,7.38,8.05,9.52,6.12,8.68
200009,-10.26,-1.5,-2.56,-0.18,-0.8,-5.1,-2.36,-0.05,0.28,-3.7,-10.09,-3.11,1.34,1.79,-0.31,-9,-0.35,-1.95,1.59,0.67,-6.29,-1.4,1.9,7.85,-0.48
200010,-11.67,-9.42,-3.68,-5.43,-4.32,-8.57,-1.88,-0.84,0.48,-1.56,-10.17,-2.14,-0.17,0.14,3.36,-5.8,2.43,3.19,-0.16,-0.14,-1.96,0.48,-3.15,1.25,2.99
200011,-20.69,-11.85,-5.22,-4.65,-4.57,-18.28,-6.05,-3.79,-2.63,-3.82,-19.62,-8.31,-3.27,0.35,2.72,-17.79,-2.36,0.51,1.54,1.47,-10.61,-6.6,-6.73,-0.75,-2.59
200012,-9.65,0.86,1.95,3.13,2.85,0.26,7.55,13.14,10.87,11.35,2.08,13.41,12.66,15.02,5.83,3.96,9.5,11.88,10.76,12.55,-1.48,9.08,8.06,6.7,1.92
200101,27.13,17.47,12.99,11.34,12.82,14.22,8.54,4.06,4.17,6.72,12.53,3.04,0.18,-3.29,5.2,7.58,1.16,-0.56,-2.4,-0.93,3.24,2.84,5.43,-1.07,-1.68
200102,-13.86,-7.6,-1.8,0.48,-0.06,-13.51,-2.98,-1.28,-0.58,1.75,-17.1,-4.5,1,0.82,0.76,-14.71,-1.76,-0.93,1.19,0.77,-12.08,-3.32,-1.81,3.01,3.86
200103,-11.89,-1.26,-0.85,-0.98,-1.54,-6.21,-0.42,-1.58,-2.16,-0.96,-11.72,-5.03,-3.61,-2.5,0.82,-11.08,-3.35,-1.58,-1.93,0.37,-8.55,-2.85,0.41,-3.08,-1.52
200104,9.02,6.91,2.85,4.43,5.51,10.79,5.23,6.84,4.2,5.29,11.74,9.3,5.55,4.05,5.71,15.86,7.03,4.92,9.04,6.9,9.07,5.12,3.56,4.46,3.74
200105,12.62,11.77,8.06,12.1,9.98,2.63,2.85,3.62,4.63,4.91,4.62,1.07,2,0.8,2.1,3.42,4.19,2.4,2.21,2.44,0.16,1.13,2.12,0.03,4.69
200106,2.12,3.08,4.13,3.05,0.53,7.1,11.26,5.95,6.13,3.44,5.15,-1.59,2.56,0.39,-2.1,3.55,-0.16,-1.15,-5.1,0.89,-2.1,-3.72,-1.11,-0.74,-1.62
200107,-10.12,-7.08,-0.31,-0.26,-0.16,-9.91,-7.34,-6.04,-2.86,-4.49,-9.42,-4.61,-2.37,-0.05,-0.51,-4.53,-2.23,1.67,0.39,1.5,-1.54,-0.02,-2.5,-2.32,3.58
200108,-8.95,-4.77,-2.86,-1.23,-1.08,-9.44,-5.33,-1.5,-1.9,-1.13,-8.01,-2.71,-2.94,-0.93,-0.89,-7.15,-4.31,-3.29,-1.99,-7.08,-7.25,-4.13,-4.49,-5.12,-7.97
200109,-17.08,-14.5,-9.12,-9.54,-13.54,-19.17,-14.6,-12.72,-14.72,-17.27,-15.31,-14.24,-11.07,-12.08,-18.94,-15.87,-12.73,-11.09,-13.62,-13.26,-7.31,-9.07,-8.54,-6,-6.35
200110,8.67,8.17,6.48,4.41,3.62,11.31,8.62,4.87,3.18,4.61,13.26,7.1,2.67,4.05,9.52,8.62,3.57,1.47,2.87,2.69,3.33,-1.1,0.39,-0.47,-9.87
200111,7.4,8.62,4.68,6.1,6.94,10.67,7.65,7.05,10.06,11.34,9.54,7.04,6.65,8.39,11.62,10.39,8.42,7.45,9.17,7.05,7.99,6.8,5.42,6.22,13.54
200112,12.4,6.27,5.97,5.69,7.61,8.01,5.88,6.84,7.44,7.55,5.64,6.11,6.21,5.69,6.68,3.51,4.92,6.8,4.63,3.21,0.12,2.18,2.78,0.52,1.98
200201,-7.43,0.61,1.83,3.64,5.37,-6.26,-2.39,0.94,0.77,1.06,-5.2,-1.5,-0.68,1.31,3.84,-2.99,-1.82,1.79,2.14,-1.39,-0.66,-1.84,-3.18,0.49,-4.14
200202,-9.78,-6.26,-2.94,-1.4,-3.61,-9.72,-4.33,-0.57,0.54,0.16,-7.42,-0.98,0.69,0.03,2.71,-4.71,1.49,1.64,-1.58,3.41,-2.74,0.7,0.85,-4.77,-6.23
200203,5.72,9.88,6.98,8,9.46,8.91,8.08,7.83,8.52,12.72,8.6,6.24,7.49,8.09,9.54,6.42,7.4,5.33,5.67,6.83,3.01,5.21,5.07,6.65,3.4
200204,-8.79,0.12,1.81,4.23,5.16,-4.68,1.06,3.99,3.8,5.43,-4.73,1.06,2.05,1.02,-1.03,-3.11,0.45,0.15,-2.06,1.78,-7.75,-3.39,-0.8,-2.1,-11.92
200205,-6.29,-6.13,-1.2,0.73,0,-7.78,-4.74,-4.12,-3.72,-5.76,-6.13,-3.41,-2.81,-2.57,-3.12,-2.97,-0.07,-1.18,-1.09,0.93,-1.25,0.16,0.53,0.14,-1.7
200206,-8.38,-6.26,0.5,-0.24,-0.6,-8.32,-4.44,-2.31,-0.7,-4.02,-7.83,-6.69,-6.26,-3.95,-7.23,-9.26,-7.28,-7.49,-5.72,-8.32,-7.51,-4.65,-7.15,-6.23,-14.85
200207,-18.95,-16.38,-13.38,-10.65,-12.74,-15.64,-16.71,-13.98,-15.28,-20.53,-7.85,-9.55,-11.19,-13.81,-15.99,-10.02,-8.54,-9.77,-12.99,-14.57,-5.28,-8.82,-9.08,-9.67,-12.33
200208,0.53,-1.82,-1.09,-0.83,-2.61,0.6,0.41,-0.08,0.63,-0.28,-0.44,0.76,2.49,1.88,4.01,-1.01,0.32,-0.03,1.51,4.02,0.2,0.35,1.34,2.86,6.02
200209,-10.44,-8.19,-6.74,-6.51,-7.94,-8.27,-7.3,-5.43,-8.3,-7.98,-7.95,-9.34,-8.64,-7.16,-9.77,-8.61,-9.05,-11.23,-12.97,-17.46,-10.63,-11.76,-9.48,-7.93,-8.48
200210,5.23,5.48,2.77,1.69,0.83,9.21,2.98,3.15,1.22,-3.21,6.28,3.67,4.28,2.73,0.8,6.93,5.19,5.33,2.21,3.07,10.42,8.42,5.32,3.65,6.04
200211,17.67,13.15,8.99,7.99,9.79,14.21,9,6.85,6.75,7.62,9.93,7.86,5.86,6.29,9.03,9.89,7.31,9.13,8.22,11.86,4.95,5.02,6.15,4.99,8.17
200212,-10.25,-5.23,-4.33,-2.13,-2.47,-10.43,-6.84,-3.98,-2.64,-2.71,-7.65,-3.68,-3.61,-2.64,-5.88,-7.06,-5.28,-4.11,-2.51,-0.14,-6.94,-3.85,-4.51,-2.83,-6.78
200301,-0.8,-0.6,-1.48,0.72,-0.33,-2.9,-4.08,-2.48,-2.8,-1.06,-1.8,-3.88,-3.25,-4.25,-3.48,-1.47,-2.89,-0.46,-2.19,-6.32,-2.68,-2.56,-2.61,-2.47,-7.4
200302,-6.09,-2.62,-1.75,-2.03,-2.42,-2.91,-1.1,-2.16,-3.11,-7.87,-3.84,-1.09,-2.64,-3.93,-3.17,-2.19,-2.48,-1.82,-1.36,-6.35,-0.68,-2.67,-4.82,-3.13,-4.49
200303,3.34,0.14,1.38,1.44,-0.71,3.15,0.14,0.23,1.64,0.6,3.08,0.23,0.32,1.48,0.26,1.53,-0.41,-0.72,2.17,-2.42,2.33,-1.11,1.47,0.54,-2.54
200304,12.1,11.09,7.95,7.38,9.79,10.63,9.85,9.2,9.23,9.72,8.8,9.19,8.65,12.01,10.96,8.76,7.7,8.09,9.74,7.64,7.77,7.56,9.9,7.59,12.16
200305,19.39,14.83,10.67,9.46,11.65,11.93,11.75,10.47,8.65,11.48,9.04,8.7,8.93,9.76,8.95,9.91,9.41,10.03,8.86,9.34,3.86,7.29,6.62,6.6,7.46
200306,5.76,5.95,4.53,3.8,5.95,1.74,0.19,1.4,2.35,3.76,2.19,2.3,0.45,0.18,3.37,1.61,0.54,-0.04,-0.78,5.93,1.06,2.21,1.1,0.39,1.22
200307,8.66,7.99,8.6,9.08,7.92,9.17,5.2,6.11,6.94,7.32,8.48,4.85,1.34,4.1,2.32,4.53,2.94,4.04,4.99,0.01,1.77,3.34,0.24,-0.64,0.33
200308,4.31,4.98,3.27,5.6,6.85,4.07,4.11,5.07,4.84,5.53,4.89,3.68,4.43,7.67,8.69,4.72,4.24,4.27,5.29,6.99,1.69,1.57,0.88,2.15,2.69
200309,3.25,0.22,0.46,2.9,4.67,-1.74,-2.87,-2.22,-4.24,-0.51,-2.3,-2.85,-1.52,-2.06,-1.02,-1.86,-2.31,-0.62,-0.86,0.43,-0.76,-0.84,-1.94,-2.23,-2.89
200310,5.79,7.91,8.73,10.94,11.24,9.84,7.12,7.42,9.79,10.39,8.89,7.75,6.96,8.34,12.45,8.39,8.39,7.09,8.21,7.6,4.18,6.93,8.09,5.48,3.08
200311,2.73,4.02,4.26,3.8,6.89,1.82,4.21,2.78,4.03,4.16,3.13,4.17,2.31,4.73,2.87,1.65,3.13,4.92,3.83,2.53,0.65,1.21,0.96,0.32,3.11
200312,-0.09,2.58,3.48,1.59,4.37,1.49,2.36,2.46,2.22,4.95,-0.76,2.31,3.6,3.6,7.13,0.28,3.72,2.57,3.56,6.33,3.94,6.29,5.2,6.53,8.28
200401,6.25,5.77,5.63,6.48,8.35,4.3,3.06,4.27,4.39,4.94,3.26,2.17,1.18,4.07,5.97,2.19,2.15,2.89,3.31,2.55,1.63,1.54,2.29,1.62,1.97
200402,0.03,0.18,0.25,1.04,-0.42,0.61,1.75,0.66,-0.01,1.29,0.61,2.5,3.98,1.4,0.68,2.23,1.4,3.48,3.06,2.06,0.71,2.46,2.32,0.6,3.82
200403,-1.8,-0.9,0.28,0.12,-0.89,2.6,0.93,-0.08,1.1,1.57,2.12,0.49,0.21,0.72,0.43,-0.48,-0.25,0.65,0.37,-1.73,-2.14,-1.44,-1.26,0.25,-1.8
200404,-4.24,-4.69,-3.74,-4.39,-6.08,-4.59,-4.11,-2.48,-4.72,-7.32,-2.35,-2.96,-3.16,-5.06,-5.62,-2.37,-4.25,-3.08,-3.6,-3.06,0.04,-1.98,-3.36,-2.7,0.47
200405,-2.03,-0.42,-0.06,-0.51,0.91,1.94,1.29,1.06,1.4,3.46,1.48,2.75,1.91,1.08,2.14,1.59,1.98,2.33,2.02,2.76,1.67,0.81,-0.03,-0.17,0.42
200406,1.15,4.37,3.64,3.56,4.02,3.16,5.46,5.89,5.11,9.19,1.78,4.38,3.02,1.51,5.21,0.95,3.11,1.72,2.87,4.87,1.15,1.9,1.21,2.2,2.85
200407,-12.81,-7.89,-5.92,-5.65,-3.99,-9.56,-7.19,-4.2,-5.72,-3.32,-8.81,-6.16,-3.62,-1.74,-4.18,-6.88,-4.67,-5.12,-5.73,-0.53,-4.67,-2.29,-1.91,-0.64,-1.58
200408,-1.32,-0.68,-0.96,-1.56,-1.92,-4.37,-1.75,0.75,0.14,0.88,-2.03,-1.25,0.71,-0.13,-0.56,-1.16,-0.87,0.15,-0.46,0.93,-0.45,1.83,0.9,1.01,0.44
200409,5.04,4.5,4.9,4.22,3.84,7.87,4.79,5.58,4.69,4.29,4.28,3.61,3.96,3.71,2.76,2.93,3.31,4.69,4.08,2.34,0.12,1.16,3.01,1.42,3
200410,1.94,2.14,2.76,0.33,0.4,3.33,2.9,0.89,1.14,3.07,2.74,4.24,1.19,-0.21,1.85,3.44,3.2,2.57,0.11,-0.4,1.38,0.95,1.75,0.11,3.07
200411,10.39,8.79,7.95,7.1,10.44,7.35,8.78,9.46,9.84,11.4,5.34,6.59,7.33,8.54,8.82,5.15,6.18,7.33,10.05,7.53,2.45,5.44,4.44,4.4,5.58
200412,4.97,4.84,3.18,3.59,6.38,3.76,3.21,2.09,2.48,3.79,5.49,4.26,1.92,2.4,3.5,4.29,4.78,4.33,3.05,3.02,3.7,3.27,1.5,3.92,3.65
200501,-6.35,-4.27,-3.14,-3.64,-1.13,-5.56,-3.21,-3,-2.47,-3.35,-3.31,-3.64,-3.55,-0.94,-2.28,-2.86,-4.59,-1.62,-2.57,-1.62,-3.31,-1.42,-0.6,-2.52,-1.08
200502,-1.64,-0.16,-0.03,1.91,2.98,2.33,1.02,3.1,5.13,2.95,0.72,2.03,3.1,3.4,2.57,2.11,1.42,3.56,5.2,3.42,0.45,4.35,3.65,0.86,4.36
200503,-5.53,-2.84,-3.13,-2.26,-2.69,-3.88,-2.1,-1.87,-0.35,-2.66,-1.85,-2.26,-1.75,-3.85,0.27,-1.69,0.19,-0.65,-2.58,-1.39,-1.05,-3.74,-1.75,-0.72,0.6
200504,-6.08,-6.12,-5.04,-7.01,-6.55,-7.1,-6.25,-5.26,-6.69,-5.44,-5.27,-3.85,-5.46,-5.07,-3.67,-3.76,-4.04,-4.54,-4.1,-2.58,-0.87,-2.07,-3.51,-0.28,-2.7
200505,7.27,6.03,4.63,3.53,5.99,9.67,6.91,7.14,5.91,6.02,5.7,6.09,5.47,4.77,6.31,5.87,5.32,6.87,5.52,4.42,3.86,2.47,2.78,1.42,2.75
200506,3.84,3.36,4.47,4.86,5.02,2.29,4.29,5.04,4.48,4.41,1.97,2.37,3.29,3.19,3.81,1.19,1.93,4.69,3.57,3.21,-1.66,0.89,1.13,1.95,2.61
